id,TA,TB,TC,TD,A,B,C,D
m1,76772.66667,88223.66667,280583.3333,468806.6667,91714,132740,133436.6667,109213.3333
m2,61924.33333,58285.66667,225386.6667,565613.3333,108255.3333,87800.66667,144690,98508.66667
m3,14178.33333,6746.133333,6785.666667,7037.066667,14576.16667,10036.26667,2685.533333,4825.833333
m4,14847.66667,7684.466667,526.5,2329.433333,79174.33333,17242,1024.3,5009.733333
m5,4344466.667,4744833.333,2423800,1884300,5572000,4494333.333,2803533.333,2828600
m6,239523.3333,283086.6667,972063.3333,1605633.333,317950,284586.6667,325573.3333,265950
m7,3311733.333,3417700,1811433.333,1665633.333,4147366.667,3418700,2079233.333,2242033.333
m8,80487,121077.6667,1389433.333,2352566.667,103760.3333,126026.6667,355433.3333,214326.6667
m9,56176.66667,49749.66667,69882,141416.6667,60162.66667,51144.66667,38327,42409
m10,75801.33333,81208.33333,106578,204490,71431,65247.33333,48232.66667,61395.66667
m11,530570,480710,1192233.333,3399200,731686.6667,612173.3333,986210,694406.6667
m12,11677.66667,6808.766667,8645.733333,20170,10933.56667,4108.9,6677.166667,8084.933333
m13,32476,34209.33333,58260,52457,52218,36718.66667,50598.33333,59842.33333
m14,26902.66667,39408.66667,43320.33333,68536.66667,50553.33333,67764.33333,112144.3333,96052.33333
m15,75539.33333,100332.6667,90975.33333,97593.33333,92101.66667,67382,78379,67019.33333
m16,22653.33333,38640.33333,36211.33333,39996,43557.33333,39246.33333,32947.66667,30282.33333
m17,5355966.667,3270600,18067333.33,34299666.67,7529600,5207733.333,7990533.333,5290500
m18,235753.3333,251103.3333,168726.6667,175476.6667,215886.6667,214390,210823.3333,245413.3333
m19,12521666.67,9470466.667,24734000,61048000,14837000,13513000,18395666.67,14939333.33
m20,2506933.333,1414833.333,1878866.667,3467033.333,3124233.333,1410856.667,1108526.667,1671133.333
m21,2624500,1068566.667,1665233.333,2985366.667,2816333.333,1047996.667,978153.3333,1647433.333
m22,12426.6,15355,28410.66667,105005.6667,20570,13701.33333,23855.66667,18793.66667
m23,15363,10710.56667,9849.333333,22004.66667,15833.33333,10939.76667,15264,15974.33333
m24,99868.66667,23516.33333,75736.66667,131643.6667,116853.3333,42356,34169,67233.33333
m25,418513.3333,423760,975886.6667,2303833.333,528103.3333,475963.3333,683110,621590
m26,396063.3333,424436.6667,936423.3333,2319400,484690,473480,637123.3333,610086.6667
m27,156336.6667,72012.33333,58764,79786,346220,84291.66667,130603.3333,106939
m28,1709100,1938900,2163166.667,1741466.667,1202633.333,1559500,1814600,1777400
m29,7210200,8351933.333,12462000,20426666.67,10031000,8028666.667,15058666.67,10967266.67
m30,12115.3,12615.23333,11615,10682.76667,7389.633333,14729.33333,10114.7,10764.3
m31,889813.3333,1032090,725480,377733.3333,838786.6667,1075460,737010,802796.6667
m32,125392.6667,164460,79535.66667,49780.33333,122994.3333,140886.6667,93202.33333,125360
m33,852563.3333,1089760,709710,459373.3333,837676.6667,1072233.333,761123.3333,839393.3333
m34,185256.6667,284310,281300,308316.6667,355406.6667,313066.6667,338993.3333,341193.3333
m35,53212,38946,75651.33333,104942.3333,79877.33333,48054.66667,56065,50002
m36,152050,211936.6667,182540,260043.3333,141173.3333,175956.6667,189410,191226.6667
m37,529933.3333,1004776.667,625490,1340396.667,566810,962570,1054470,1175353.333
m38,19307.66667,21408.66667,24490.66667,31545.66667,14283,25269,15123,14553
m39,78791.66667,76968.33333,98055,111255.3333,100694.3333,88026.33333,81147.66667,67913.33333
m40,45627333.33,43934000,59497333.33,101703666.7,47262666.67,45795000,59419000,52732666.67
m41,49188000,46449333.33,63487000,107090333.3,51407666.67,47388333.33,63173000,55596000
m42,701323.3333,619580,984703.3333,2115966.667,701093.3333,655840,1034306.667,841476.6667
m43,47314000,45324666.67,62966000,106885666.7,49806000,47165333.33,62433333.33,55414666.67
m44,692830,296040,305233.3333,255696.6667,756716.6667,338863.3333,306373.3333,279463.3333
m45,70929.66667,31387.33333,32832.33333,27398.33333,82765.33333,33619.66667,33367.33333,29602.33333
m46,73992,33471.66667,37036.33333,25582.33333,81170,33419.66667,35781,30720.66667
m47,70406.33333,27113.33333,31621.66667,26015,85512.66667,36040.33333,29400,27010
m48,80011.33333,32113,38044.66667,26666.33333,86498.33333,41530,31776.66667,30447.33333
m49,120980,65166,85564.33333,154740,141583.3333,66131,68705.66667,65234.66667
m50,7821.9,7199.533333,72331,100628,10184.5,13408.26667,37990.66667,31964.66667
m51,1016643.333,1532766.667,8410566.667,10007466.67,1801500,1856400,4868933.333,4388900
m52,25692.33333,25491,42805.33333,157826.6667,17998.33333,32644.66667,96634.66667,34854.33333
m53,23003.86667,29112,129483.6667,172893.3333,20801,36212.33333,50783,37395
m54,295723.3333,438580,1926233.333,3122166.667,418310,598300,1061010,650913.3333
m55,40409000,42853666.67,35110666.67,30304666.67,31860000,38887333.33,40530333.33,39586333.33
m56,1227800,1546866.667,1074100,1049953.333,1042460,1174070,1239266.667,1312466.667
m57,24682333.33,24172666.67,19812333.33,18532333.33,24344000,24114666.67,21615333.33,22893333.33
m58,2548666.667,4288200,4121600,6374800,3422266.667,3332566.667,8244633.333,6307066.667
m59,9,8286.466667,9106.633333,14785.33333,14958,8492.866667,18423.66667,22064.66667
m60,3199500,3746433.333,3018933.333,2888000,4258233.333,4104300,3117200,3116200
m61,796210,977520,907630,1053403.333,623946.6667,887063.3333,846826.6667,786723.3333
m62,19291,16410.66667,19181.66667,90530.66667,28941,19895,18173.66667,20633.66667
m63,20926,5449.3,9,9,28368,8730.433333,9,6311.233333
m64,14047.3,9,1388.066667,9,27963.33333,11610.56667,1029.833333,6602.933333
m65,1392233.333,1651233.333,1264080,1657000,1961900,1530566.667,2945866.667,2201566.667
m66,126940,65314.66667,45179.33333,29024,190273.3333,83889.66667,71151.66667,82567.33333
m67,167326.6667,115796.6667,58767.66667,46746.33333,186696.6667,94056.33333,134003.3333,102308.3333
m68,11425.16667,9,22540.33333,20024.33333,3367.333333,3580,11450.23333,12570.03333
m69,43316333.33,42592000,45435333.33,36056666.67,47953000,40864333.33,43425666.67,49791666.67
m70,22081.33333,33305,28474,9643.5,21019,39717,41600,41568.33333
m71,289156.6667,222143.3333,249000,367440,529623.3333,395590,367193.3333,450100
m72,9,9,131857.3333,254616.6667,123156.6667,77432.66667,276613.3333,523150
m73,3164.966667,2572.566667,4854.066667,2775.7,4945.5,2499.033333,1993.6,2913.7
m74,3279.333333,3128.433333,4401.066667,2320.966667,4398.433333,2124.066667,2228.3,3093.033333
m75,1680266.667,1703666.667,1774933.333,1795933.333,1765566.667,1762300,1821433.333,1788600
m76,152176.6667,173873.3333,192610,227610,231856.6667,138440,174503.3333,156426.6667
m77,30193,25660.33333,57817.66667,96896.33333,40732.66667,31577.33333,57828.66667,27312
m78,1106633.333,1524500,1683733.333,1946633.333,2702700,2643066.667,4000866.667,4310466.667
m79,206890,138373.3333,179690,160616.6667,213983.3333,147270,81302.66667,121671
m80,186656.6667,78026.33333,98719.66667,120796.6667,208540,77341.33333,69820,65842.33333
m81,1506800,2067400,1821566.667,2641500,1395800,1614666.667,1923833.333,1895533.333
m82,1565900,2048766.667,1843300,2671433.333,1285866.667,1647000,1929266.667,1964533.333
m83,3388200,2606966.667,2761200,4219266.667,3999300,1918433.333,1886033.333,1715700
m84,48465,41721.33333,237736.6667,396320,55574,82288.33333,71936.66667,56552
m85,4109433.333,4444300,20340000,31821333.33,5867133.333,7621600,9585066.667,6282400
m86,18583,22339,58894.33333,107730,34291.66667,41383.66667,48443.66667,40257.33333
m87,16533.13333,23699.33333,64813.66667,95227.33333,16313.33333,30466.33333,32450.66667,38759.66667
m88,1253400,1035723.333,1124700,1644533.333,1312033.333,1154700,1174466.667,1135266.667
m89,37710.33333,29242.66667,46904.66667,50607.33333,33139.33333,29338.66667,27095.66667,28131.33333
m90,73124,74729.66667,88605.33333,73909,61273.33333,77376,59082.33333,65288.66667
m91,29891.33333,34059,47647.66667,43953.33333,33796,34370,21987.33333,33750
m92,36680.33333,36594.66667,48387.33333,55400.66667,40274.66667,43243.33333,37967,40015.33333
m93,52606.66667,41015.33333,57480,40471.33333,25218.66667,42038.33333,39460.66667,42585.66667
m94,25737,11200.86667,10891.23333,11712.9,21059,12060.5,9,6693.266667
m95,390136.6667,409473.3333,646030,1241766.667,422523.3333,409843.3333,370156.6667,457436.6667
m96,13868.66667,10725.63333,20384.66667,47223.66667,14046.66667,13248.03333,14389,15110.33333
m97,53301,44885.33333,53096,56236.33333,63981,47463,38285,46843.66667
m98,198560,118374,124776,198126.6667,294226.6667,143033.3333,124512.6667,123310.3333
m99,182550,119032.6667,120308,181726.6667,236033.3333,137053.3333,107083.3333,109645.6667
m100,443996.6667,304483.3333,275016.6667,458346.6667,740620,331213.3333,220340,284470
m101,56472.33333,53980,40326,27819.33333,46854.33333,84828.33333,69104,72257.66667
m102,9375.933333,8139.766667,14459.33333,23617,13941.8,12883.6,9296.766667,16398.33333
m103,22615,15543.33333,23095,59499.66667,23965,15255.33333,17782.33333,21535.66667
m104,7316.366667,3210.133333,13036.33333,12841.66667,3721.4,3625.666667,6986.566667,7405.533333
m105,80588.66667,31258.33333,38527.66667,296740,124502,56659,52190,47160
m106,61771,34670,37040.33333,254140,98445,49621.66667,30213.33333,37572.33333
m107,122310,97449.33333,89791.66667,77045.33333,86133.66667,69451.33333,94789.66667,120090
m108,9,6437.166667,3514.666667,9,6243.766667,11340.63333,17755,13528.33333
m109,32439,26895.66667,14946.66667,4945.7,23356,9971.766667,24436.66667,35099.33333
m110,30812.33333,23028.33333,13458.33333,5655.8,19419,31271,35510.33333,28874
m111,23815.66667,30204,47548.66667,34880.66667,23413.66667,26528.33333,23803.33333,43070.33333
m112,27171.33333,30924.66667,54716,41111.66667,28424,29209,29670.33333,39611
m113,24941,19707.66667,29636.66667,21971,23261.66667,22814.66667,17155.33333,27508
m114,41581.66667,50244.66667,38925.66667,30180.66667,47323.66667,50827.33333,48071,45955.66667
m115,11296.36667,20982,10773.16667,5737.966667,7894.733333,16313,16793,13249
m116,84625,47446.33333,62628.66667,96547,109356.6667,52088.66667,31316.33333,48261.33333
m117,149900,67392.66667,139543.3333,198796.6667,173416.6667,100708.6667,73716.66667,62756.33333
m118,197904.6667,101950.6667,149926.6667,307986.6667,205340,123246.6667,89955.66667,86936.66667
m119,10065.43333,13425.8,12804.33333,8813.2,7361.8,9786.833333,12185.46667,12554.66667
m120,58512.33333,80178,178603.3333,603513.3333,105284,84311,95183,108648
m121,613446.6667,591650,648820,847980,668786.6667,605410,617133.3333,620153.3333
m122,6510.7,9367.433333,6192.166667,5858.7,9644.066667,5929.666667,5492.966667,7307.1
m123,16751.33333,11657.83333,15165.2,26620,23545,17034.66667,11573.56667,15548
m124,71340,72155.33333,64921.66667,85401.66667,72008,51973.33333,37306,46358.66667
m125,184610,111975,106658.3333,182200,266646.6667,118664.6667,95488,113426.6667
m126,44500.66667,48771,49994.33333,54355,50035.66667,60832.33333,52166.66667,46964
m127,13726.33333,11706.06667,19072.33333,325360,16897.33333,10654.1,13391.6,15080.36667
m128,38634,41238.66667,47713.66667,79105.66667,40973.66667,40203.66667,27869,32237.33333
m129,30243.66667,20081,17630.33333,13923.33333,32666.33333,32123.66667,14232,15956.33333
m130,71556.33333,65661.66667,18898.33333,34323,86457.33333,29942.66667,7643.833333,20359.66667
m131,10015.93333,8115.033333,9,9,13167.66667,9473.033333,6385.333333,6306.366667
m132,201786.6667,234456.6667,204013.3333,111942.6667,338950,132786.6667,287313.3333,339740
m133,84314.66667,78922.66667,14064.66667,37206.66667,92144.66667,31898.33333,5109.333333,23563.33333
m134,3244533.333,3455766.667,3424733.333,3070833.333,3387600,3696033.333,3911433.333,3707433.333
m135,70715,115873.3333,106789.3333,163970,95371.33333,85073.66667,226700,179716.6667
m136,1381400,1408833.333,3656733.333,5145633.333,1511866.667,1125700,2058300,2071266.667
m137,33186.66667,40382.33333,50319.33333,60523,45335.66667,49039.33333,36117.66667,41439
m138,368000,378360,449570,481703.3333,529240,464646.6667,374943.3333,292486.6667
m139,2688466.667,2899466.667,7086700,10602666.67,3023333.333,2472533.333,4371233.333,4386433.333
m140,3838300,4662000,4270233.333,5178866.667,5098700,4855566.667,5617366.667,5029233.333
m141,125873.3333,100554.3333,78528.33333,52456.33333,117066.6667,95151,152083.3333,136816.6667
m142,19428,33323.66667,23694,4376.066667,19624,18131.66667,91199.33333,47623.33333
m143,10161.56667,8067.466667,8385.566667,12870.13333,13761.33333,8673.866667,9067.1,9263.633333
m144,21782,45170,39348.66667,2253.166667,23846.66667,26359.33333,128770,55612
m145,20182.33333,13721.66667,13375.33333,18137.66667,24536.66667,19970.66667,19350.66667,20559
m146,35237.66667,32588.33333,86384.33333,137196.6667,42671.66667,41162.33333,41505.33333,38289
m147,29566.66667,21659.66667,65746.66667,105561,32593.33333,32969.66667,37424,29755.33333
m148,57392,43607.33333,102575,188280,57884.66667,37516.66667,46493.66667,57857
m149,954666.6667,784633.3333,584783.3333,694783.3333,1132200,980623.3333,678820,752796.6667
m150,15056.33333,15913.66667,13949.66667,10391.23333,15752,17496.33333,16835,15502.33333
m151,156920,223843.3333,72506.66667,39303,169793.3333,223703.3333,210526.6667,225726.6667
m152,7041.6,10326.36667,8229.033333,4378.5,9541.1,11023.6,15966.33333,13968
m153,10913.83333,12518.26667,12380.66667,12138.33333,12384,17194,13962.5,12346.3
m154,710276.6667,971220,982090,845383.3333,892213.3333,1189166.667,1397966.667,1216333.333
m155,80830.33333,58067.33333,125973.3333,242330,152616.6667,49510.66667,46105.66667,56634
m156,41918.66667,33017,58910.33333,99968.66667,66546,26059.66667,18754.33333,27763.66667
m157,84360,83636.33333,112921.3333,162266.6667,164823.3333,66362,58126.33333,64656.33333
m158,10669833.33,9783033.333,21331333.33,39747333.33,11388500,10318700,7258533.333,8630566.667
m159,145923.3333,73813.33333,115636.6667,136926.6667,155950,103980.6667,38629.66667,48112
m160,6009.666667,5581.9,5008.4,5689.2,5444.4,5423.7,5245.366667,5337.033333
m161,9074.566667,9457.3,26278.33333,23178,21311.33333,21747,36383,15996.33333
m162,3873300,2059066.667,3258433.333,4039100,4684233.333,3287600,2489466.667,2578400
m163,1255933.333,1252133.333,1355166.667,1053010,1315266.667,1221800,1016183.333,991393.3333
m164,472843.3333,332423.3333,361760,595910,506096.6667,385913.3333,326493.3333,382730
m165,1875400,2437166.667,2216233.333,2777400,1286333.333,2022833.333,2784966.667,2144233.333
m166,63372333.33,74559666.67,64595000,66548333.33,51431333.33,75225666.67,86061000,80225333.33
m167,571823.3333,764210,687230,684016.6667,464703.3333,751760,1087966.667,854483.3333
m168,188656.6667,125303,388176.6667,502886.6667,292110,159530,134584.3333,170703.3333
m169,1297433.333,746700,2051133.333,3610533.333,1827533.333,1007030,989750,1521600
m170,4582366.667,3062866.667,11884333.33,20197333.33,6568466.667,4364000,3421733.333,4988766.667
m171,20287,21012.66667,47787.66667,89799.33333,16071.33333,11043.13333,11438.6,10996
m172,20348.33333,19175.33333,56473.33333,87010.66667,15357.9,9,11918.7,9
m173,21352,21285,50368,84095.33333,19411.66667,12958.66667,13031.66667,19464.66667
m174,15117,12724,39646.33333,83184.66667,21739,27301.66667,34315.33333,30939.66667
m175,30624.33333,26064.33333,23270.33333,16868,34565,33772.66667,30620.66667,43931
m176,162476.6667,160570,273030,355676.6667,180716.6667,162403.3333,152836.6667,138346.6667
m177,193643.3333,208893.3333,298630,350923.3333,186180,182693.3333,176783.3333,166310
m178,6299.766667,4122.766667,3969.733333,5706,5945.2,5541.166667,5203.2,4297.266667
m179,155400,162506.6667,234343.3333,279686.6667,139516.6667,140486.6667,135000,124146.6667
m180,9254.133333,5970.9,16255.66667,16398.66667,10150,8470.1,14311.66667,10219.73333
m181,956763.3333,2258500,3259066.667,2414900,2855300,2111266.667,2410800,2336400
m182,20548.33333,13719,21062.66667,307436.6667,28360.33333,13108.33333,19786.33333,11959.33333
m183,89371.33333,88820.33333,84638.33333,30033,83188.66667,98688.33333,82429.33333,114786.6667
m184,6533666.667,4238100,3998666.667,6977866.667,9802766.667,4775233.333,4047666.667,4216233.333
m185,8343633.333,5085433.333,4483100,7601566.667,13266333.33,5383433.333,4492633.333,4929700
m186,7265400,4377733.333,3965400,7143466.667,10797000,4949400,4203166.667,4385866.667
m187,5297000,3139366.667,2643366.667,4853233.333,8347166.667,3664233.333,2624666.667,3117133.333
m188,7599600,4333500,4019733.333,6758266.667,10539833.33,4829166.667,4010000,4452400
m189,4460.2,4624.233333,1322.7,708.2333333,16529.33333,6557.4,1793.633333,1111.4
m190,12045.33333,6568.566667,7867.466667,5470.733333,16446.33333,8476.366667,4262.6,6130.666667
m191,22559,18864.66667,18609.33333,18678,28195.66667,22826.33333,10143.73333,16742.66667
m192,637883.3333,991456.6667,961383.3333,1502500,779766.6667,750840,1974133.333,1412396.667
m193,2784.566667,3402.1,4085.833333,13396,2565.366667,3028.1,3905.333333,4161.066667
m194,212660,340266.6667,221663.3333,59936,196873.3333,302906.6667,270366.6667,290050
m195,213603.3333,328473.3333,208893.3333,66983.33333,179133.3333,296400,266100,302926.6667
m196,63861,98450,111449.6667,75443.33333,76352,84178.66667,83459.66667,91081.33333
m197,81119,84518,98808,80951.66667,96734,78050.66667,74951.33333,92949.66667
m198,24538.66667,30756.33333,38820,30067.66667,27751,28990,28548.66667,34627
m199,112233.3333,146940,126323.3333,48148,98823.33333,131193.3333,140816.6667,143756.6667
m200,72318,42250.66667,62629.33333,85548.33333,93759.33333,48168.66667,46780.33333,44701.66667
m201,1079773.333,1171800,2123400,3683433.333,1138533.333,963826.6667,964843.3333,968896.6667
m202,1112300,1196633.333,2103966.667,3854933.333,1190500,1011430,967076.6667,972640
m203,1094666.667,1160266.667,2071333.333,3949100,1321866.667,1026590,907890,958230
m204,172793.3333,200240,346736.6667,704123.3333,226703.3333,184526.6667,182886.6667,193130
m205,44825.66667,40544.66667,109413,236273.3333,75039.33333,43103,46106,49225.66667
m206,80953.66667,78550.33333,124103.3333,224230,101083,62221.33333,73235.66667,82248.33333
m207,711763.3333,671686.6667,558596.6667,619866.6667,683453.3333,600070,518703.3333,523163.3333
m208,377426.6667,373870,298496.6667,244680,342123.3333,364606.6667,580520,381626.6667
m209,32879.33333,20749.33333,72554.66667,126753.3333,38173.33333,22858,20301.33333,27832.33333
m210,37346.33333,25471,84128.66667,159246.6667,51149,28237.66667,21536.33333,36435.66667
m211,23194,16850.33333,21889.66667,71536.33333,34229,24234,14062.66667,13393.16667
m212,3021366.667,4625733.333,4225866.667,3875233.333,2555800,3893633.333,5393633.333,4143900
m213,448803.3333,765033.3333,664580,682666.6667,335936.6667,565150,856670,646676.6667
m214,25656.66667,30095.33333,22603.33333,19733.66667,27202.33333,27878.66667,45171,23147.33333
m215,967896.6667,1516966.667,2068600,1202766.667,593323.3333,871730,1559433.333,1341866.667
m216,82651.66667,62509,91131,148706.6667,66963.33333,96191,45441.66667,50547.33333
m217,15998,16422.66667,16205.33333,33580.33333,18777.66667,13787.56667,23915,18798.66667
m218,11330,6303,9276.633333,11065.76667,9765.866667,9940.366667,6058.9,8086.5
m219,8287266.667,9144933.333,11728000,10728666.67,6954966.667,9564133.333,7130933.333,7189533.333
m220,1911833.333,2141466.667,3122133.333,2878833.333,1294003.333,2136000,1758466.667,1837333.333
m221,86694,57457,49478.66667,19077.33333,120096.6667,91311,47311.33333,61834.33333
m222,61629.33333,64408.66667,74075,33833.66667,114298.6667,65813.66667,50003.66667,66235.33333
m223,179883.3333,54574.33333,8299.466667,9,106246.6667,46993.33333,10863.8,29629.66667
m224,32974,26193.33333,38190.33333,28066.33333,32509.33333,24395.66667,31575.66667,32313
m225,49686.33333,53722.33333,52604.66667,33589.33333,55509,54930,46526,53812.66667
m226,91954,115450,152070,371686.6667,102766.6667,101320.3333,144620,134686.6667
m227,621606.6667,819610,943890,1770433.333,783913.3333,784960,758766.6667,781710
m228,11366.73333,22054.33333,15569.33333,24796,14436.06667,18412.66667,28805.66667,19972.66667
m229,11195.66667,14576.33333,7492.466667,2573.133333,12205.2,10022,8208.366667,8703.266667
m230,34195,34860.33333,36735.66667,63157.66667,34415.66667,35867.33333,28783,28025.33333
m231,20696.33333,27533.33333,19466,15560,46852.33333,52405.33333,12968.33333,12826.33333
m232,97647,68787.66667,110490,195506.6667,78075.66667,79178,56008,60115
m233,349673.3333,772913.3333,845980,536690,295186.6667,539390,739276.6667,652603.3333
m234,456536.6667,971286.6667,1055376.667,631016.6667,408566.6667,646950,958923.3333,876723.3333
m235,219456.6667,217646.6667,322946.6667,1003856.667,219720,133103.3333,275683.3333,246063.3333
m236,159163.3333,174246.6667,155333.3333,89506,164400,161843.3333,165866.6667,179183.3333
m237,11357.2,10465.3,11225.26667,7195.533333,10016.8,10999.6,9042.466667,10050.63333
m238,33858.66667,28240,32837.66667,45304.66667,38098.66667,30871.66667,28470.33333,29838.66667
m239,37998,29957.33333,32531.33333,48829,37020.66667,28800.66667,29717,29661
m240,27612.66667,30094.33333,41132.33333,25036.33333,23537.33333,30907.66667,76366.66667,40047.33333
m241,47278,35321,31982,24222,44198,38512.33333,45835,44289.66667
m242,109574,116429.3333,241750,631060,96300.33333,101750,89382.66667,103154.6667
m243,5965.166667,4112.966667,2401.333333,2862.333333,3209.166667,5588.333333,2702.733333,2470.766667
m244,270433.3333,269553.3333,244753.3333,222213.3333,249013.3333,252006.6667,270196.6667,227016.6667
m245,643830,635410,665256.6667,731763.3333,822600,589310,573746.6667,583710
m246,485190,411333.3333,383550,671803.3333,634713.3333,435953.3333,349850,342136.6667
m247,389900,323580,257513.3333,485263.3333,449673.3333,324370,300240,311120
m248,6846.966667,9053.4,7187.733333,8382.133333,6303.9,5482.433333,7236.2,8238.633333
m249,10357.86667,11918.63333,5979.466667,8812.033333,7384.1,8688.033333,5463.6,6322.6
m250,1277.576667,1434.833333,9,1195.316667,830.7433333,1265.833333,141.0133333,193.5333333
m251,4634.8,4773.6,4107.1,5185.766667,5201.633333,4476.966667,5433.366667,4705.833333
m252,80769.33333,100602.3333,117628.6667,61341.33333,59352.66667,72442,87232.33333,82965.66667
m253,20958.66667,21411.66667,19592.33333,20605.66667,23707.33333,20538,34832.33333,19935.33333
m254,1100313.333,1395666.667,1233733.333,1358566.667,1040106.667,1173533.333,1323600,1181400
m255,20145,14128.33333,15800.66667,26780.66667,35324.66667,21898,28686.33333,20959.33333
m256,1026360,1001900,940666.6667,852330,1043923.333,1107933.333,1091343.333,1144066.667
m257,702443.3333,688026.6667,581946.6667,631566.6667,742133.3333,724236.6667,782363.3333,782220
m258,156970,169766.6667,157830,153953.3333,210396.6667,167573.3333,157316.6667,155713.3333
m259,193296.6667,208406.6667,257906.6667,301430,267206.6667,194976.6667,188193.3333,201790
m260,803166.6667,1162100,867036.6667,341080,840656.6667,1060953.333,1147300,938610
m261,7363.9,7327.366667,6449.3,5425.8,4765.266667,7540.833333,8153.6,6763.1
m262,22627,19891.66667,23839.66667,21165.66667,21367,24327.66667,24708.66667,30941
m263,53287.33333,65206.66667,79886.33333,35046.66667,68086,70517,94113,66219.33333
m264,50025,44581,38765.66667,41861,54025.66667,40329,36802.66667,40890
m265,1257666.667,645256.6667,755746.6667,1923966.667,1035600,658470,457070,436573.3333
m266,1512.866667,1255.066667,1409.476667,1045.353333,1263.5,1323.766667,1792.366667,1780.323333
m267,9877.1,7755.9,12969.66667,13620.33333,16517.33333,12826.66667,8433,8914.866667
m268,887606.6667,962206.6667,1013030,1302466.667,901093.3333,882913.3333,787546.6667,678180
m269,97368.66667,59767.66667,57170.66667,96407.33333,70343.66667,53464,42526,49264.66667
m270,24041666.67,21453666.67,21631333.33,22830333.33,25801333.33,23758333.33,22670333.33,23223666.67
m271,17966.66667,22723.33333,19614.66667,10244.66667,24551.33333,22835.33333,29402,22349.33333
m272,32801.66667,17634.66667,17012.66667,22477.66667,27933.33333,22637,19094,18923.66667
m273,16678.66667,12089,8645.8,18088.66667,12910.66667,10208.7,6272.9,7629.9
m274,52679.33333,34646.33333,52476,46835,56836,39441,36957,71012.33333
m275,73149.33333,51016,90736.66667,119276.6667,105047,70250,71028,147323.3333
m276,12379.5,5214.5,9413.2,26509.33333,15781.03333,7987.433333,5771.5,10757
m277,17069.33333,14665,18711,33365,17634.33333,16026.66667,17218.66667,17231
m278,4147.4,4051.033333,4075.1,3604.366667,3632.566667,4145.933333,3614.666667,3689.9
m279,349240,355866.6667,325373.3333,319216.6667,327290,324403.3333,334543.3333,325460
m280,41167.66667,46026,58122,62948.66667,44217.33333,42449.66667,69454.33333,57767.33333
m281,133960,167100,123253.3333,57180.66667,132806.6667,149560,156876.6667,155923.3333
m282,62258,44318.33333,291293.3333,620170,86782.66667,52178.66667,49385,46021.66667
m283,3329.9,2802.133333,1703.093333,2964,3728.7,3805.833333,2524.2,2768.9
m284,229773.3333,240486.6667,330386.6667,1321666.667,448133.3333,372223.3333,473836.6667,605760
m285,16532.33333,19017,18020.33333,16940,16778.33333,16674,17936.33333,19013.33333
m286,15818,24813.66667,15194.33333,7184.866667,16091,15767,16612.66667,20185.66667
m287,1844866.667,2204600,3240200,5779400,2338900,3014300,2346300,1723200
m288,1489300,1857133.333,2375100,4564900,1950533.333,2409500,1855233.333,1434033.333
m289,1470533.333,1537300,2533500,4660766.667,1650733.333,2787866.667,1857333.333,1377266.667
m290,29865,25824.33333,43879.33333,65114.33333,44459,24593,30010,35093.33333
m291,20484.33333,19417,27042.66667,41845,21583,22892.66667,26972,21373.66667
m292,1859100,1077710,1465266.667,4831766.667,1795133.333,1423133.333,1027230,1240066.667
m293,23239.33333,13414.4,36199.66667,30821,22368.33333,14820.66667,8131.4,16732
m294,98880.66667,78748.66667,44749,32944,93293.33333,73069,36275.33333,77606
m295,337273.3333,297083.3333,309406.6667,300603.3333,252183.3333,254970,259110,246763.3333
m296,240670,255556.6667,117597,62397,246896.6667,235103.3333,410450,346533.3333
m297,40977,19562.33333,18951.66667,99983.33333,32153,18131,15125.66667,16273.66667
m298,13552.66667,10100.73333,21283.66667,16159,15239.66667,11631.5,13860.33333,13629
m299,9467700,7782166.667,8999066.667,13358000,10704333.33,9803366.667,9122066.667,8988633.333
m300,9977433.333,8297400,9442900,13099333.33,10796000,9574633.333,9686833.333,9522900
m301,9979700,8272233.333,9230600,13153000,10935666.67,9427866.667,9382166.667,9330733.333
m302,70103.66667,63349.33333,85746,105063.3333,97766,61113.33333,72720.33333,69689.66667
m303,1371600,1126166.667,1327400,1731166.667,1567933.333,1338733.333,1328633.333,1380366.667
m304,4533800,2545000,2757000,4853166.667,3550500,3148033.333,3322466.667,3259066.667
m305,192476.6667,112143.3333,144280,456843.3333,202693.3333,147266.6667,106296.6667,126460
m306,3540000,2049066.667,2323133.333,3933100,2804066.667,2514333.333,2744400,2653300
m307,6141.566667,3591.9,4060.366667,6203.2,4110.133333,4117.566667,3784.566667,3610.6
m308,65504,56455,76955,99002.33333,65182.33333,51089.33333,78576,65457.33333
m309,16386333.33,9644100,10586900,12860666.67,13901666.67,12387666.67,11488000,11863000
m310,11438,6582.866667,7518.266667,7833.3,10189,8264.433333,7272.366667,8343.233333
m311,17750.33333,21307.33333,23253.33333,11072.06667,16604.66667,18045,26803,26775.33333
m312,407920,485383.3333,1222500,3770766.667,465383.3333,453766.6667,684653.3333,1067823.333
m313,6885,5685.066667,5113.233333,8618.5,8651.833333,7091.433333,5163.566667,7284.666667
m314,1203200,483203.3333,478063.3333,591936.6667,723906.6667,594633.3333,508396.6667,556516.6667
m315,1262.6,2287.3,2647.833333,1113.966667,1281.776667,1459.266667,4018.466667,2223.133333
m316,166030,104657.3333,71195,63041,148550,133663.3333,54134,80407
m317,7228600,5472000,4974333.333,8622700,5859600,5993833.333,4850500,4421933.333
m318,158303.3333,142416.6667,1027393.333,1110073.333,152040,148606.6667,111040,121830
m319,53169,47811.33333,133723.3333,491110,36043.66667,37576,27214.66667,24618.33333
m320,16738.33333,25543.33333,11804,3228.066667,21196.33333,16567.33333,19588.33333,24985
m321,11396,9778.333333,10332.2,15070,11382,9140.8,13260.43333,8910.233333
m322,4974.9,2278.966667,2571.633333,3157.933333,4466.1,2453.733333,2697.7,2498.4
m323,83011.66667,62498.66667,57212,32695.66667,66159.33333,56408.33333,107483,96456.66667
m324,251360,123536.6667,132386.6667,377976.6667,325030,102774.6667,266183.3333,245130
m325,5598.133333,2455.7,2740.366667,8196.566667,7473.266667,2144.533333,5633.233333,5283.666667
m326,7900900,6173466.667,4913566.667,3624433.333,6310400,6217633.333,5140533.333,5238566.667
m327,37254.66667,37761.33333,40409,64246.33333,38280.33333,43737,28961,19853
m328,8559.7,8078.866667,6648.766667,9,16191.66667,10520.93333,10135.23333,10465.63333
m329,20082.33333,23986,20046.33333,19160.66667,22060.33333,22565,20044,21304.33333
m330,24608.66667,13999,10310.8,9802.233333,28996.66667,13178.33333,3979.666667,6569.333333
m331,27701.33333,23156.33333,25265.33333,26261.66667,22951.33333,24131.66667,18500,24724.66667
m332,27056.66667,20311.66667,25550.66667,29199.33333,26128.33333,27968.33333,26427.33333,25969.33333
m333,45166.66667,28581,30312,41593.33333,40167,28129.33333,16246.66667,19904.66667
m334,48884.33333,27927.66667,28988.66667,42423,41724.66667,31268.33333,16980,19618.33333
m335,8801.166667,11759.33333,9912.4,5984.266667,9975.233333,12735.33333,10779.2,12028.16667
m336,4003466.667,2773600,6516633.333,13220333.33,5610466.667,3943100,2891633.333,2662933.333
m337,27003.66667,28144,52762.66667,49244.66667,32790.33333,25128.66667,34620,54112.33333
m338,7226.7,4715,4807.133333,7826.2,4911.033333,5258.866667,4001.7,4616.3
m339,6083.3,3043.6,4568.766667,7456.7,4330.566667,4811.133333,3533.2,3670.266667
m340,393683.3333,197180,144280,119096.6667,301076.6667,177103.3333,130350,122120
m341,143400,100309.6667,60069,48089,152253.3333,112643.3333,90507.66667,103208.6667
m342,330430,158186.6667,124133.3333,123353.3333,292140,167636.6667,122260,93099
m343,4250566.667,5404600,2910133.333,1467866.667,2604766.667,2889133.333,2632766.667,2954500
m344,10483.2,6198.8,6716.066667,12420.33333,9202.333333,6351.166667,6129.566667,6112.633333
m345,31260.66667,22986.66667,18792,31211.66667,24461.66667,21117.66667,16272,14563.66667
m346,572790,628426.6667,637843.3333,353653.3333,393823.3333,459403.3333,645990,562400
m347,203116.6667,210106.6667,164823.3333,146136.6667,183080,195063.3333,237670,208230
m348,170130,141936.6667,136650,224863.3333,204070,145820,135716.6667,137676.6667
m349,4296.533333,3296.166667,10035.86667,35123,7564.366667,4813.7,9057.933333,10059.13333
m350,181130,163836.6667,561916.6667,1246533.333,250846.6667,281926.6667,357833.3333,320786.6667
m351,164083.3333,75546.33333,75921,86171,99694,88724,84050.66667,81349
m352,3373.633333,3272.7,2865.366667,2893.533333,3169.3,3011.233333,2685.366667,2569.566667
m353,22757,17128,18181.66667,17752,20398.66667,18923.33333,18486.33333,15934
m354,8423.766667,4516.333333,4371.6,12464.33333,6038.7,4075.733333,2569,2864.3
m355,3810.5,2554.433333,2291.566667,6558.266667,4050.166667,2708.166667,2067.533333,2482.966667
m356,20001.33333,16108.66667,40107,88767.33333,19101,15913,13742.33333,25012.66667
m357,20169.33333,15661.66667,37372.66667,95966.66667,20924.33333,14339,13021,29706.66667
m358,5811.933333,4920.566667,9482.533333,10461.1,8040.833333,5474.3,6910.833333,7914.266667
m359,8756.466667,9148.966667,9077.4,7418.533333,7983.233333,9296.466667,9191.8,8967.6
m360,13295.66667,8633,7504.4,19852.66667,11196.93333,7893.733333,6754.8,8174.133333
m361,3089.5,1729.9,1514.8,2183.366667,2146.833333,2112.166667,1515.2,1400.866667
m362,9054.033333,8735.766667,7906.9,8730.6,8432,7461.7,8289.766667,7627.566667
m363,11634.53333,8055.233333,7564.933333,21734,10039.46667,8400.033333,5992.1,6997.266667
m364,11916.43333,13749,38664.66667,65253.33333,8764.433333,11338.33333,13972.3,16276.33333
m365,34809.66667,44488,45416.33333,32998.33333,27868.66667,35396.66667,46812,44505.33333
m366,10552.13333,13385.66667,13760.33333,8118.133333,22486.33333,14260,12747.33333,12679
m367,5371.2,2802.9,6219.566667,4268.333333,5452.7,5721.5,3585.466667,3290.2
m368,2511.566667,1928.7,1896.333333,4951.433333,2353.766667,1588.6,1995.5,1503.266667
m369,647960,525773.3333,504296.6667,320656.6667,516076.6667,347253.3333,571853.3333,847383.3333
m370,421513.3333,358890,353936.6667,246683.3333,361760,239473.3333,425086.6667,509326.6667
m371,242896.6667,322513.3333,285870,240856.6667,191863.3333,270553.3333,415130,423176.6667
m372,71587.66667,37742.66667,37327.33333,31039,67745.33333,53886.66667,26846.33333,30936.66667
m373,31038.66667,28548.66667,51305.33333,34197,32481.66667,58678.66667,24919.66667,25032.33333
m374,336220,382130,1091100,3739066.667,254256.6667,273956.6667,190706.6667,222656.6667
m375,9195.533333,10753.9,10683.5,12995.43333,19615,7775.233333,6078.9,12934.3
m376,2092.333333,1403.433333,840.1033333,1147.56,1717.066667,1713.933333,1183.196667,1255.5
m377,13753000,11541666.67,11372166.67,14785000,10144933.33,11073666.67,8533400,9748266.667
m378,6556433.333,5675133.333,4858266.667,6959200,4857800,4803066.667,3930133.333,5069433.333
m379,38367333.33,32173666.67,29761333.33,38211666.67,30091666.67,31586666.67,25262666.67,29464000
m380,108202.6667,68360.66667,77712.33333,132123.3333,135866.6667,76122.66667,58760.33333,67229
m381,582870,690490,693370,489826.6667,504083.3333,600280,679526.6667,586830
m382,741110,912500,749550,592500,547123.3333,585346.6667,791133.3333,750910
m383,129636.6667,160596.6667,168220,38501.33333,71296.66667,123270,142040,138783.3333
m384,3557.8,1530.033333,1463.566667,6861.966667,4001.633333,1589.533333,739.9333333,9
m385,136506.6667,97730.33333,78351.33333,120287,133586.6667,113476.6667,77571.66667,83477
m386,119199.6667,147566.6667,116055.6667,118248.6667,88409.33333,114943.6667,135730,165963.3333
m387,2598.7,1987.3,2140.733333,7586.466667,2146.866667,2032.533333,1859.466667,1650.166667
m388,2278.866667,1481.44,3103.066667,1845,2701.966667,1749.3,1813.933333,2158.966667
m389,36413.66667,26171.33333,28442.33333,109691.6667,34335.66667,23415,20571.33333,25302
m390,54916,36987.33333,42351.33333,159470,50323,33802,32928.33333,36852.66667
m391,2021.7,3410.633333,3249.766667,1845.633333,2305.466667,3031.833333,3348.433333,4227.7
m392,282813.3333,298490,273723.3333,302256.6667,332376.6667,292660,303316.6667,304310
m393,211543.3333,290400,255250,218203.3333,259786.6667,305600,295286.6667,331826.6667
m394,680023.3333,836860,795800,642750,695996.6667,851920,808350,924076.6667
m395,631613.3333,427376.6667,774370,2431666.667,858756.6667,414886.6667,319916.6667,513500
m396,13395333.33,9791233.333,54762000,50057666.67,15778000,11623400,7506433.333,8305200
m397,248790,189386.6667,393610,485026.6667,199670,136990,202670,309606.6667
m398,1830333.333,1279366.667,9457200,8865400,2301266.667,1687933.333,856776.6667,1231200
m399,56766.66667,50592,59759.33333,84936.66667,38469.66667,39158.66667,75318.33333,76853
m400,75283,134163.3333,90874.33333,34810.33333,60684.33333,111502,102634.3333,94484.33333
m401,9910.666667,9881.733333,9725.066667,5756.766667,9791.733333,13847.66667,10296.53333,10963.66667
m402,7343966.667,6199400,7496633.333,9189100,5948966.667,4621066.667,5519466.667,5425533.333
m403,2109433.333,2314900,2459566.667,3585100,2266700,2141900,1886766.667,1962166.667
m404,84739,44281.66667,113487.3333,138616.6667,96879.66667,59162,53209.33333,51860.33333
m405,735876.6667,769216.6667,648046.6667,693003.3333,713646.6667,617376.6667,592136.6667,536903.3333
m406,695456.6667,635556.6667,554860,729976.6667,890110,600193.3333,607663.3333,520736.6667
m407,5000,9816.166667,6276,3471.2,5249.533333,9053.033333,11160.66667,7585.6
m408,15339.33333,12122.83333,18258.66667,31203.66667,18975.33333,9487.966667,8011.266667,10984.03333
m409,25375.66667,11439.46667,18524.33333,50888.66667,38283.66667,16721,12473,12800.06667
m410,24071.66667,27892,26601,18894.33333,29359,30604,35054,35991.66667
m411,106535,60337.66667,1219346.667,11348333.33,129803.3333,71692,108796.6667,84626.33333
m412,77544.66667,80169,65823.33333,48856,62617.66667,64647.66667,61537.66667,72357
m413,363883.3333,375813.3333,558063.3333,879010,345476.6667,282043.3333,481940,429910
m414,726260,556950,693503.3333,771403.3333,1088126.667,909463.3333,486050,733226.6667
m415,592463.3333,392233.3333,407920,593916.6667,644893.3333,737420,373973.3333,479413.3333
m416,1217223.333,948543.3333,980626.6667,1165756.667,1539200,1152910,715890,976273.3333
m417,15035,13000.33333,16022.33333,21540,18082.66667,17860.33333,18038.66667,11879
m418,1010790,849550,670613.3333,1170580,1044920,1106060,932646.6667,895770
m419,927053.3333,973460,985236.6667,800206.6667,1085143.333,1103006.667,824446.6667,942343.3333
m420,2377366.667,1625566.667,2232100,2217033.333,2514566.667,2603433.333,1349036.667,1865433.333
m421,35608.33333,9,322616.6667,2770433.333,9,9,9,9
m422,65585.66667,111123.3333,140353.3333,106048.3333,65222.66667,99043,210863.3333,234083.3333
m423,17456.33333,42388.33333,24339.33333,3747.333333,17828.66667,22965.33333,31343,26417.66667
m424,2960133.333,2709000,2734133.333,2260900,3071566.667,2626266.667,2673000,3056500
m425,29271.66667,15197.33333,23250,23504.66667,27991.66667,26108.66667,30469,27238.66667
m426,255890,250226.6667,365323.3333,465520,217086.6667,254603.3333,273683.3333,223113.3333
m427,434906.6667,296606.6667,343550,661486.6667,549616.6667,376070,279716.6667,285723.3333
m428,22433,18912.33333,17536,37544,31766.66667,22264.33333,16212.33333,18613.66667
m429,544156.6667,367616.6667,392646.6667,505350,540646.6667,483970,453516.6667,441016.6667
m430,184530,132110,170450,332226.6667,191840,153963.3333,154073.3333,170276.6667
m431,568900,640886.6667,783880,2491700,654630,606983.3333,1098033.333,1008670
m432,12120,16978.66667,14419.1,24114,7882.3,13307.33333,22388,21602.66667
m433,402790,523070,504943.3333,2057566.667,480790,440496.6667,738970,657496.6667
m434,2844.2,8999.166667,17377,3394.2,2972.133333,7552.6,17942.33333,18032.33333
m435,140740,69905.66667,93153.33333,177546.6667,128683.3333,97791.33333,85156.66667,101120
m436,147906.6667,92336.33333,112343.3333,188953.3333,135080,128410,107486.6667,115710
m437,22548.66667,29894.66667,21388.33333,9,28577,30476.66667,31705.66667,34320
m438,44420,43527,59057,195896.6667,47950.66667,32765.66667,48288,59412.66667
m439,19139,17016.86667,48534.66667,183520,27099.33333,16534,20221.66667,22832.33333
m440,53487,56058.66667,53317.33333,13675.66667,59372.66667,59723.66667,88633.66667,80463
m441,54785.66667,51079,34165.66667,24305.33333,45964,50815.33333,32198,42959.66667
m442,11040.6,4898.266667,6609.533333,10256.46667,19134,9241.1,6158.9,6264.633333
m443,6719.166667,6940.133333,4515.3,9754.533333,8509.4,7372.166667,9,6145.133333
m444,246003.3333,220383.3333,231160,289986.6667,246590,169026.6667,218773.3333,231846.6667
m445,34791.33333,27038.66667,23546,36724.33333,35839.33333,22593,22552.66667,24859
m446,350986.6667,684406.6667,646256.6667,256413.3333,394910,596240,748100,769406.6667
m447,36793.33333,41632.66667,24497.33333,8512.233333,95658.66667,79980.33333,37253,62022.33333
m448,67098.66667,65554.66667,46496.66667,33015,66318.33333,75793.33333,64598,68463.66667
m449,1954.233333,1754.733333,1807.133333,2260.3,1832.933333,2305.333333,2492.3,1983.233333
m450,435066.6667,475783.3333,552366.6667,805803.3333,454446.6667,359886.6667,404036.6667,467633.3333
m451,15375,24141,21563.33333,3771.8,17570.56667,22053,27714.66667,18033.66667
m452,2397133.333,1916600,1874400,2095166.667,2251733.333,1698966.667,1826133.333,1408033.333
m453,27420.33333,22092.66667,42335,25832.33333,35670.66667,27098,35884,26902.33333
m454,2239.233333,3578.333333,8644.333333,10400.23333,3552.233333,3779.033333,10801.16667,13910.33333
m455,816686.6667,454906.6667,972433.3333,2468333.333,1312533.333,827240,520396.6667,517766.6667
m456,82847,62611,119079.6667,315580,166866.6667,82655.33333,68297,67320
m457,68165.66667,89836.33333,73406.33333,38853,65690.33333,57491.33333,63312,79333.33333
m458,4151.8,2285.833333,5024.4,25765.66667,7300.033333,9,3956.866667,3358.6
m459,13578.33333,15068.66667,7867.133333,3464.566667,17061.56667,17928.33333,19743,15008
m460,90230.33333,74644,65462.33333,21160,74482,61576.33333,81651,89908
m461,65065,53064.66667,80993,106125,52588.66667,47372.66667,47912.66667,59749.66667
m462,15354.3,22815.33333,25550.33333,30995.33333,17219,16814.33333,10592.7,17761.33333
m463,11103000,8754633.333,10227966.67,6242800,9918333.333,9644466.667,9411966.667,8203900
m464,1362533.333,1274800,1313700,1123966.667,1165200,1329066.667,1030106.667,1135600
m465,4110666.667,3811066.667,3352000,1941733.333,4618033.333,3920733.333,3771800,4096533.333
m466,19319.66667,9,3913.266667,31996,19962.66667,9,9,3395.433333
m467,28540.33333,37545.33333,50316,127870.3333,40584.66667,37766.33333,26988.66667,27127.66667
m468,102116.6667,105397,110097,46913.66667,97355.33333,92920,87242,92418.66667
m469,16918,702.3333333,549.2333333,10494.13333,16933.66667,571.0666667,572.6,3546.366667
m470,74160.33333,7570.233333,10504.9,61477.66667,82621.33333,8561.9,6092.7,11911
m471,49904.66667,27610.33333,31670,50670.33333,36980.33333,27343.33333,27319,26798.33333
m472,10081,10889,10959.33333,12272.76667,10966.4,9677.7,12324.33333,11606.33333
m473,128013.3333,10506.23333,11123.93333,42963,116346.6667,13717.33333,11340.9,12868.33333
m474,14038,7197.066667,10402.86667,28949.66667,17048.66667,6486.3,9920.866667,13285.66667
m475,74450.33333,101627,123700,79654.66667,90229,79677.33333,105199.3333,99174
m476,107685.3333,18093.66667,34582.66667,169990,117666.6667,19503.66667,21013.66667,36266
m477,5961300,559006.6667,1136700,8401633.333,7165333.333,646016.6667,615516.6667,1044193.333
m478,29202,18378.66667,14939,20317.66667,21808,21966,18934,18744.33333
m479,65004.33333,27464,59290,148539.3333,80560.66667,56906,36553,38854
m480,17863.33333,13222.33333,518320,281396.6667,17198,18732,13621,18252.66667
m481,16054.66667,9,9,22248.66667,15366.66667,9,9,9
m482,5748.533333,2484.033333,4021.033333,15218,8672.466667,2865.933333,3012.233333,4413.666667
m483,1045853.333,499680,378680,407690,382846.6667,320240,374133.3333,409743.3333
m484,500520,45545,99423.66667,615816.6667,558506.6667,49075,63434.66667,95676.66667
m485,1022636.667,592940,1678000,2591900,1121533.333,594926.6667,1262166.667,1778200
m486,72574.33333,118283.3333,88770,112192.3333,75927.66667,87805,93172.66667,74763.66667
m487,2798466.667,261533.3333,533423.3333,3534966.667,2902800,302663.3333,308116.6667,426320
m488,8429633.333,3688333.333,7922266.667,13629666.67,8579366.667,3689366.667,7221733.333,10550133.33
m489,2732766.667,3044766.667,2393266.667,784693.3333,2700233.333,2743633.333,2413066.667,2609466.667
m490,11948233.33,7268566.667,6164300,15173666.67,9457300,6990366.667,4262833.333,5022133.333
m491,18488000,11407666.67,10834000,23213000,13854666.67,10099666.67,5572033.333,7242466.667
m492,548493.3333,44563.66667,86307.66667,789986.6667,578743.3333,59480.66667,42416,74079
m493,12718.6,4869.466667,4664.1,9911.4,15086.33333,5680.6,4505.366667,7825.566667
m494,520896.6667,235866.6667,259106.6667,299986.6667,532346.6667,265280,376246.6667,573213.3333
m495,3772,1350.846667,2095.4,2044.1,4697.066667,1711.633333,2671.633333,4864.466667
m496,12507.66667,8033.666667,5829.3,13984,24264,8152.266667,8626.733333,11568.83333
m497,10471.83333,5481.333333,4290.066667,10256.56667,17603,4644.433333,6627.533333,8618.433333
m498,21264.33333,2660.766667,5727.5,42780.66667,25507.33333,2866.9,4319.833333,5905.433333
m499,41944,31636.66667,264130,245033.3333,44452.33333,37208.66667,37962.66667,34737.33333
m500,407506.6667,69945.33333,10169900,17047000,79922,195030,36413,83008.33333
m501,5887.666667,3958.333333,4248.233333,8037.5,5624.5,2854.133333,2879.9,2115.7
m502,12583,5924.3,37931,167573.3333,14042,5794.933333,8235.766667,13557
m503,11292.8,6246.066667,33786.33333,171693.3333,15391.66667,6296.066667,9171.966667,14180.66667
m504,203936.6667,49560,75103.66667,147910,206630,69680.33333,65234,51609
m505,167123.3333,95085,132953.3333,303196.6667,187173.3333,95374.66667,141230,147980
m506,215313.3333,312663.3333,317400,31145.33333,401900,332176.6667,460980,417783.3333
m507,414350,222606.6667,266946.6667,789506.6667,700053.3333,224570,276803.3333,372316.6667
m508,6040566.667,1820266.667,4150866.667,20519000,8030866.667,2123633.333,2911733.333,3276966.667
m509,43538000,46205666.67,52467666.67,40284666.67,39163000,43791000,43832333.33,44796666.67
m510,54798,69392.33333,63987,48352,62491,76053.33333,82257,70941.66667
m511,54297,73384,69560.33333,48056.33333,62837.33333,80809,79979,77097
m512,24299.33333,22273.33333,45549,19065.66667,20451.33333,31899,60968,46547
m513,54048.66667,55736.33333,55373.66667,43821.66667,42425,57855.66667,46610.66667,56230
m514,25043.33333,18910,28017.66667,23597.33333,34967.33333,26162,43511.66667,27666.33333
m515,125103.3333,128944.6667,169230,207336.6667,133546.6667,165466.6667,516620,404660
m516,10799.53333,17482,17869.66667,25691.33333,11597.8,19010.33333,22788.33333,18668
m517,32472,2876.933333,6618.366667,137506.6667,35277.66667,2293.6,3644.233333,2653.566667
m518,34842.33333,26827.33333,45073.33333,94464,37712.33333,21452.66667,55590,82564.33333
m519,82861.33333,36104.33333,47153.33333,48639.33333,85603,36302.66667,78025.33333,92912.33333
m520,45082.66667,58210.33333,163030,192600,68695.66667,68484,65182,74368.66667
m521,64939,48996.33333,40842.33333,50169.66667,77947,46492,88230.66667,123293.3333
m522,15943,27768.33333,16739.66667,10490.66667,21459.33333,21258.66667,18046,18258
m523,143310,120309,119812.3333,140776.6667,186480,161536.6667,162820,168910
m524,55365.66667,19928,36618.33333,160463.3333,79161.33333,19889,30921.66667,40782.33333
m525,3127.3,2034.233333,2717.833333,6447.233333,5764.933333,2430.4,3154.466667,4591.833333
m526,8112966.667,7060566.667,15660666.67,23063666.67,8470533.333,6797900,5445333.333,6213600
m527,27532,32945.66667,29134,27974,44759,39238,40404.33333,32337.66667
m528,26833.33333,36454.33333,30775.33333,30687,42638.33333,38451,39702.66667,30646
m529,1882.366667,1235.593333,4356.2,8404.933333,2801.166667,1938.5,5134.966667,4470.6
m530,83465.33333,123726.6667,124363.3333,46768.33333,79880.66667,116859.6667,151020,129914
m531,67851,135836.6667,112546.6667,41768,76196.33333,97469,161940,117719
m532,8994.133333,17476.66667,7653.7,947.4666667,7754.533333,16528.33333,21072.66667,14336.96667
m533,4506.833333,6801.766667,4245.233333,3625.066667,6367.533333,5829.233333,8256.866667,5455.7
m534,424.0666667,2937.233333,4187.466667,2929.7,428.0666667,2893.266667,4404.5,3637.566667
m535,4445500,3005933.333,6787433.333,12979333.33,5437566.667,2911166.667,6766500,10791433.33
m536,511543.3333,143003.3333,536006.6667,2913733.333,648913.3333,164163.3333,256173.3333,233110
m537,21564000,13983000,25065666.67,40039666.67,26070000,13603000,30184333.33,39459666.67
m538,3070400,887876.6667,3091866.667,15915666.67,3641866.667,1057243.333,1318133.333,1715233.333
m539,740590,205806.6667,471826.6667,2522466.667,808153.3333,282870,243843.3333,296133.3333
m540,4616133.333,3211066.667,2905566.667,3517266.667,6391866.667,3376066.667,5384933.333,8640833.333
m541,287913.3333,314546.6667,214206.6667,85798.33333,272700,256646.6667,218130,269290
m542,18840.66667,9057.166667,8242.633333,34167.66667,28847.33333,10490.93333,14290.66667,22038.66667
m543,167360,47527.66667,101414.3333,509483.3333,203256.6667,58266,78751.33333,81380
m544,4174.866667,5666.7,5293.833333,2472.366667,3468.6,4146.8,4187.3,3418.9
m545,3729.9,1507.533333,2681.233333,3392.9,4850.3,1476.366667,3611.8,3231.233333
m546,3356.066667,1813.366667,3475,3198.6,3980.3,1425.466667,2720.466667,3780.333333
m547,12037,8636.4,8779,17670,15212,5999.7,15079.66667,25619
m548,205646.6667,142450,296100,547216.6667,299400,265966.6667,252483.3333,192416.6667
m549,31951,24219,31940,26114.33333,41461.33333,22429,54686.66667,64481.33333
m550,429516.6667,299456.6667,277986.6667,139146.6667,530476.6667,253630,699283.3333,893156.6667
m551,33719,17287.33333,36947,224693.3333,46275,17603.66667,21046,24595.33333
m552,62148.66667,45785.33333,41139,51877,88845.33333,42305.33333,71595.33333,105104.6667
m553,5029.8,855.69,1690.3,4900.666667,5978.7,1005.366667,1786.266667,9
m554,748.2133333,1072.333333,1518.033333,1227.5,1633.966667,1330.333333,1628.766667,920.3066667
m555,1358433.333,1379166.667,2471800,3913400,1857933.333,1766533.333,1485766.667,1180716.667
m556,8536.4,5738.266667,10351,14762.33333,6907.333333,3514.166667,6254.866667,5150.566667
m557,30302.33333,17368,12417.56667,3137,28129,17504,21974.33333,32728.66667
m558,141913.3333,194253.3333,21142.43333,9,35534.66667,152633.3333,112005,101242.3333
m559,1495.3,2472.866667,1510.6,533.3933333,1095.61,1886.8,2102.533333,2034.133333
m560,21343.33333,16643,25012,32914.66667,35976.33333,15701,23916,19600
m561,152473.6667,230866.6667,443236.6667,849340,296196.6667,203050,317990,335893.3333
m562,6286.533333,8641.6,2721.533333,4222.266667,5225.5,8870.733333,9225,7197.633333
m563,2030766.667,1637066.667,759610,630540,1377233.333,1415533.333,1119966.667,1498533.333
m564,5047433.333,4931433.333,3015566.667,3379433.333,4005500,4022200,3692800,3236733.333
m565,2122400,2289100,1416466.667,1799800,2047566.667,1948266.667,1864766.667,1633066.667
m566,109435.6667,95207.33333,536680,2528166.667,52523.33333,82811.33333,48488.33333,45383.66667
m567,93848.33333,73421.66667,672646.6667,3036700,64087.33333,75217.66667,65648,63363.33333
m568,91729,97789,521510,2210133.333,66972.33333,61061.33333,48196,72802.66667
m569,74430,79970.66667,217380,383633.3333,84730.66667,63007.33333,58228,56609.66667
m570,33654.66667,31243.66667,117370,398520,36060.33333,35713.33333,67414,60889
m571,22522,31123.33333,22138.33333,33944,44194.33333,44768.66667,44124.66667,33931
m572,25529,32890.33333,24679,33394,46897,57050.33333,46309.33333,37961.66667
m573,16290.66667,16679,10114.33333,21921.66667,25669,20567,23875,21406.66667
m574,17162,17115,11066.6,18432.66667,23181.33333,16619,22467.66667,23005
m575,2182566.667,2765833.333,1406366.667,303116.6667,2593400,3354466.667,3684566.667,3554066.667
m576,9972.266667,11046.46667,9585.933333,25870.66667,14283.66667,10638.13333,19548.66667,15720
m577,12270.8,14005.6,23098,42016.66667,22190,19976.6,43985.66667,31759
m578,13174.46667,15886,12127.3,31464,10255.33333,9490.533333,7317.666667,7701.3
m579,267726.6667,290986.6667,944330,4859433.333,270733.3333,206740,261310,258616.6667
m580,6359633.333,6536033.333,10021833.33,15865000,6174933.333,5951600,6081233.333,6342433.333
m581,6168133.333,6241100,11988333.33,15346000,6160333.333,6450500,5703966.667,6431333.333
m582,1619966.667,1494873.333,1521400,1066090,2161233.333,2032133.333,1476866.667,1585900
