PG.ProteinGroups	R.FileName	PG.Quantity
orf19.1026	WT1	0.0
orf19.1026.1	WT1	14953000.0
orf19.1029	WT1	0.0
orf19.1030	WT1	83279000.0
orf19.1032	WT1	15431000.0
orf19.4482	WT1	0.0
orf19.1042	WT1	135450000.0
orf19.1047	WT1	0.0
orf19.1048	WT1	0.0
orf19.105	WT1	880740000.0
orf19.1051	WT1	8101299999.999999
orf19.1055	WT1	52432000.0
orf19.1057	WT1	0.0
orf19.1058	WT1	207980000.0
orf19.1854	WT1	240990000.0
orf19.1061	WT1	75433000.0
orf19.1064	WT1	432300000.0
orf19.1065	WT1	23566000000.0
orf19.1067	WT1	0.0
orf19.1078	WT1	325470000.0
orf19.1082.1	WT1	312760000.0
orf19.1085	WT1	33209000.0
orf19.1086	WT1	131840000.0
orf19.109	WT1	0.0
orf19.1091	WT1	2533100.0
orf19.1093	WT1	0.0
orf19.1095	WT1	55410000.0
orf19.1097	WT1	16931000.0
orf19.1107	WT1	24808000.0
orf19.1108	WT1	0.0
orf19.1110	WT1	11553000.0
orf19.1115	WT1	469390000.0
orf19.1122	WT1	1169100000.0
orf19.6676	WT1	25392000.0
orf19.113	WT1	9938100.0
orf19.1139	WT1	66630000.0
orf19.1149	WT1	74173000.0
orf19.1153	WT1	1444600000.0
orf19.1154	WT1	5959499999.999999
orf19.1161	WT1	26161000.0
orf19.1162	WT1	85374000.0
orf19.1164	WT1	0.0
orf19.1166	WT1	388570000.0
orf19.117	WT1	85514000.0
orf19.1180	WT1	30336000.0
orf19.1198	WT1	18968000.0
orf19.1199	WT1	44526000.0
orf19.1212	WT1	38730000.0
orf19.1214	WT1	38269000.0
orf19.1228	WT1	0.0
orf19.1233	WT1	17405000.0
orf19.1236	WT1	446750000.0
orf19.1237	WT1	3763500.0
orf19.124	WT1	3247100.0
orf19.1246	WT1	215190000.0
orf19.1248	WT1	24310000.0
orf19.1249	WT1	0.0
orf19.125	WT1	481340000.0
orf19.1253	WT1	1378300.0
orf19.1254	WT1	37759000.0
orf19.1267	WT1	16234000.0
orf19.1267.1	WT1	32162000.0
orf19.1272	WT1	0.0
orf19.1273	WT1	417520000.0
orf19.1277	WT1	16214000.0
orf19.1280	WT1	420740000.0
orf19.1282	WT1	128880000.0
orf19.1288	WT1	0.0
orf19.1290	WT1	312870000.0
orf19.1291	WT1	0.0
orf19.1295	WT1	40905000.0
orf19.1299	WT1	0.0
orf19.1301	WT1	141670000.0
orf19.1304	WT1	0.0
orf19.1309	WT1	19256000.0
orf19.1336	WT1	627040000.0
orf19.1338	WT1	7642100.0
orf19.1339	WT1	130730000.0
orf19.1340	WT1	22726000.0
orf19.1342	WT1	3983000000.0
orf19.1354	WT1	38287000.0
orf19.1355	WT1	0.0
orf19.1359	WT1	0.0
orf19.1361	WT1	7373600.0
orf19.1362	WT1	0.0
orf19.1374	WT1	105510000.0
orf19.1375	WT1	97019000.0
orf19.1376	WT1	174490000.0
orf19.1378	WT1	77801000.0
orf19.1388	WT1	26654000.0
orf19.1389	WT1	117240000.0
orf19.1390	WT1	3936900000.0
orf19.1394	WT1	348550000.0
orf19.1396	WT1	11238000.0
orf19.1402	WT1	1854600.0
orf19.1404	WT1	0.0
orf19.1409.1	WT1	2064600000.0
orf19.1412	WT1	7866500.0
orf19.1413	WT1	141790000.0
orf19.1414	WT1	76723000.0
orf19.1421	WT1	0.0
orf19.1422	WT1	0.0
orf19.1426	WT1	20020000.0
orf19.1433	WT1	0.0
orf19.382	WT1	10882000000.0
orf19.1442	WT1	7042700.0
orf19.1444	WT1	268620000.0
orf19.1448	WT1	47550000.0
orf19.1448.1	WT1	0.0
orf19.145	WT1	238530000.0
orf19.1458	WT1	0.0
orf19.1460	WT1	239790000.0
orf19.1466	WT1	0.0
orf19.1467	WT1	40044000.0
orf19.1468	WT1	8031000.0
orf19.1470	WT1	564420000.0
orf19.1471	WT1	2177600000.0
orf19.1474	WT1	54706000.0
orf19.1479	WT1	37490000.0
orf19.1483	WT1	45793000.0
orf19.1485	WT1	16656000.0
orf19.1493	WT1	0.0
orf19.1494	WT1	350290000.0
orf19.1495	WT1	77502000.0
orf19.1516	WT1	7979000.0
orf19.1517	WT1	966400000.0
orf19.1535	WT1	14563000.0
orf19.1544	WT1	163920000.0
orf19.1545	WT1	0.0
orf19.155	WT1	0.0
orf19.1552	WT1	3045699999.9999995
orf19.1553	WT1	268920000.0
orf19.1559	WT1	3369599999.9999995
orf19.1565	WT1	0.0
orf19.1566	WT1	0.0
orf19.1575	WT1	14680000.0
orf19.158	WT1	0.0
orf19.5797	WT1	7146000.0
orf19.1588	WT1	370150000.0
orf19.5809	WT1	43390000.0
orf19.1591	WT1	10335000000.0
orf19.1601	WT1	7523599999.999999
orf19.1609	WT1	30830000.0
orf19.1613	WT1	32424000.0
orf19.1623	WT1	114570000.0
orf19.1626	WT1	465840000.0
orf19.1628	WT1	912480000.0
orf19.163	WT1	33563000.0
orf19.1630	WT1	9869700.0
orf19.1631	WT1	20806000.0
orf19.1026	WT2	7474000.0
orf19.1026.1	WT2	0.0
orf19.1029	WT2	0.0
orf19.1030	WT2	101250000.0
orf19.1032	WT2	40382000.0
orf19.4482	WT2	0.0
orf19.1042	WT2	41422000.0
orf19.1047	WT2	0.0
orf19.1048	WT2	0.0
orf19.105	WT2	824140000.0
orf19.1051	WT2	5423000000.0
orf19.1055	WT2	51003000.0
orf19.1057	WT2	8431200.0
orf19.1058	WT2	147830000.0
orf19.1854	WT2	180130000.0
orf19.1061	WT2	81369000.0
orf19.1064	WT2	904110000.0
orf19.1065	WT2	20612000000.0
orf19.1067	WT2	0.0
orf19.1078	WT2	258980000.0
orf19.1082.1	WT2	269910000.0
orf19.1085	WT2	99525000.0
orf19.1086	WT2	125300000.0
orf19.109	WT2	0.0
orf19.1091	WT2	0.0
orf19.1093	WT2	4236800.0
orf19.1095	WT2	65886000.0
orf19.1097	WT2	16761000.0
orf19.1107	WT2	3633200.0
orf19.1108	WT2	14511000.0
orf19.1110	WT2	12874000.0
orf19.1115	WT2	442810000.0
orf19.1122	WT2	1018500000.0
orf19.6676	WT2	49018000.0
orf19.113	WT2	20829000.0
orf19.1139	WT2	54777000.0
orf19.1149	WT2	48414000.0
orf19.1153	WT2	1365700000.0
orf19.1154	WT2	4840700000.0
orf19.1161	WT2	20653000.0
orf19.1162	WT2	74578000.0
orf19.1164	WT2	0.0
orf19.1166	WT2	384210000.0
orf19.117	WT2	61308000.0
orf19.1180	WT2	32628000.0
orf19.1198	WT2	16246000.0
orf19.1199	WT2	33688000.0
orf19.1212	WT2	40317000.0
orf19.1214	WT2	24438000.0
orf19.1228	WT2	0.0
orf19.1233	WT2	0.0
orf19.1236	WT2	278320000.0
orf19.1237	WT2	0.0
orf19.124	WT2	0.0
orf19.1246	WT2	130020000.0
orf19.1248	WT2	44024000.0
orf19.1249	WT2	0.0
orf19.125	WT2	618660000.0
orf19.1253	WT2	11101000.0
orf19.1254	WT2	34557000.0
orf19.1267	WT2	0.0
orf19.1267.1	WT2	52450000.0
orf19.1272	WT2	0.0
orf19.1273	WT2	554830000.0
orf19.1277	WT2	9483600.0
orf19.1280	WT2	604630000.0
orf19.1282	WT2	124920000.0
orf19.1288	WT2	0.0
orf19.1290	WT2	249860000.0
orf19.1291	WT2	0.0
orf19.1295	WT2	39917000.0
orf19.1299	WT2	5313800.0
orf19.1301	WT2	102480000.0
orf19.1304	WT2	0.0
orf19.1309	WT2	20738000.0
orf19.1336	WT2	638630000.0
orf19.1338	WT2	6996800.0
orf19.1339	WT2	157720000.0
orf19.1340	WT2	41601000.0
orf19.1342	WT2	3394199999.9999995
orf19.1354	WT2	56701000.0
orf19.1355	WT2	61954000.0
orf19.1359	WT2	0.0
orf19.1361	WT2	17972000.0
orf19.1362	WT2	0.0
orf19.1374	WT2	69286000.0
orf19.1375	WT2	193370000.0
orf19.1376	WT2	129330000.0
orf19.1378	WT2	75618000.0
orf19.1388	WT2	30183000.0
orf19.1389	WT2	93991000.0
orf19.1390	WT2	3367699999.9999995
orf19.1394	WT2	317320000.0
orf19.1396	WT2	9163100.0
orf19.1402	WT2	12117000.0
orf19.1404	WT2	7759000.0
orf19.1409.1	WT2	2439800000.0
orf19.1412	WT2	0.0
orf19.1413	WT2	122650000.0
orf19.1414	WT2	63052000.0
orf19.1421	WT2	0.0
orf19.1422	WT2	0.0
orf19.1426	WT2	15584000.0
orf19.1433	WT2	0.0
orf19.382	WT2	7975799999.999999
orf19.1442	WT2	0.0
orf19.1444	WT2	134820000.0
orf19.1448	WT2	30370000.0
orf19.1448.1	WT2	0.0
orf19.145	WT2	255560000.0
orf19.1458	WT2	0.0
orf19.1460	WT2	197660000.0
orf19.1466	WT2	0.0
orf19.1467	WT2	28826000.0
orf19.1468	WT2	5885000.0
orf19.1470	WT2	1202600000.0
orf19.1471	WT2	1231600000.0
orf19.1474	WT2	44754000.0
orf19.1479	WT2	31043000.0
orf19.1483	WT2	30480000.0
orf19.1485	WT2	71368000.0
orf19.1493	WT2	0.0
orf19.1494	WT2	262970000.0
orf19.1495	WT2	82308000.0
orf19.1516	WT2	19567000.0
orf19.1517	WT2	1795399999.9999998
orf19.1535	WT2	22786000.0
orf19.1544	WT2	98314000.0
orf19.1545	WT2	20409000.0
orf19.155	WT2	0.0
orf19.1552	WT2	2914799999.9999995
orf19.1553	WT2	252210000.0
orf19.1559	WT2	3056199999.9999995
orf19.1565	WT2	3020500.0
orf19.1566	WT2	0.0
orf19.1575	WT2	54733000.0
orf19.158	WT2	0.0
orf19.5797	WT2	35443000.0
orf19.1588	WT2	140270000.0
orf19.5809	WT2	33213000.0
orf19.1591	WT2	9231900000.0
orf19.1601	WT2	9788900000.0
orf19.1609	WT2	20971000.0
orf19.1613	WT2	31567000.0
orf19.1623	WT2	43148000.0
orf19.1626	WT2	421310000.0
orf19.1628	WT2	840300000.0
orf19.163	WT2	74378000.0
orf19.1630	WT2	12424000.0
orf19.1631	WT2	25731000.0
orf19.1026	WT3	0.0
orf19.1026.1	WT3	0.0
orf19.1029	WT3	14700000.0
orf19.1030	WT3	157460000.0
orf19.1032	WT3	19623000.0
orf19.4482	WT3	0.0
orf19.1042	WT3	11608000.0
orf19.1047	WT3	128090000.0
orf19.1048	WT3	5262400.0
orf19.105	WT3	783970000.0
orf19.1051	WT3	14250000000.0
orf19.1055	WT3	8336500.0
orf19.1057	WT3	34815000.0
orf19.1058	WT3	58348000.0
orf19.1854	WT3	434880000.0
orf19.1061	WT3	205780000.0
orf19.1064	WT3	1484899999.9999998
orf19.1065	WT3	20919000000.0
orf19.1067	WT3	4767000.0
orf19.1078	WT3	158660000.0
orf19.1082.1	WT3	321280000.0
orf19.1085	WT3	114250000.0
orf19.1086	WT3	39438000.0
orf19.109	WT3	79944000.0
orf19.1091	WT3	0.0
orf19.1093	WT3	0.0
orf19.1095	WT3	71077000.0
orf19.1097	WT3	17129000.0
orf19.1107	WT3	0.0
orf19.1108	WT3	219900000.0
orf19.1110	WT3	13752000.0
orf19.1115	WT3	509430000.0
orf19.1122	WT3	1653599999.9999998
orf19.6676	WT3	192630000.0
orf19.113	WT3	18002000.0
orf19.1139	WT3	26659000.0
orf19.1149	WT3	399380000.0
orf19.1153	WT3	250760000.0
orf19.1154	WT3	7486799999.999999
orf19.1161	WT3	9111100.0
orf19.1162	WT3	62712000.0
orf19.1164	WT3	0.0
orf19.1166	WT3	148660000.0
orf19.117	WT3	49357000.0
orf19.1180	WT3	36639000.0
orf19.1198	WT3	29981000.0
orf19.1199	WT3	15790000.0
orf19.1212	WT3	18081000.0
orf19.1214	WT3	89240000.0
orf19.1228	WT3	14884000.0
orf19.1233	WT3	0.0
orf19.1236	WT3	27795000.0
orf19.1237	WT3	0.0
orf19.124	WT3	121480000.0
orf19.1246	WT3	82301000.0
orf19.1248	WT3	47189000.0
orf19.1249	WT3	0.0
orf19.125	WT3	373590000.0
orf19.1253	WT3	4888700.0
orf19.1254	WT3	29875000.0
orf19.1267	WT3	0.0
orf19.1267.1	WT3	68937000.0
orf19.1272	WT3	0.0
orf19.1273	WT3	233240000.0
orf19.1277	WT3	3879300.0
orf19.1280	WT3	582110000.0
orf19.1282	WT3	121170000.0
orf19.1288	WT3	89819000.0
orf19.1290	WT3	206110000.0
orf19.1291	WT3	28552000.0
orf19.1295	WT3	75467000.0
orf19.1299	WT3	0.0
orf19.1301	WT3	67432000.0
orf19.1304	WT3	33344000.0
orf19.1309	WT3	12535000.0
orf19.1336	WT3	424600000.0
orf19.1338	WT3	0.0
orf19.1339	WT3	214720000.0
orf19.1340	WT3	28317000.0
orf19.1342	WT3	1806100000.0
orf19.1354	WT3	18966000.0
orf19.1355	WT3	217750000.0
orf19.1359	WT3	0.0
orf19.1361	WT3	0.0
orf19.1362	WT3	14086000.0
orf19.1374	WT3	52676000.0
orf19.1375	WT3	266010000.0
orf19.1376	WT3	12903000.0
orf19.1378	WT3	51847000.0
orf19.1388	WT3	88638000.0
orf19.1389	WT3	231480000.0
orf19.1390	WT3	2826700000.0
orf19.1394	WT3	216900000.0
orf19.1396	WT3	4816000.0
orf19.1402	WT3	15316000.0
orf19.1404	WT3	0.0
orf19.1409.1	WT3	1703999999.9999998
orf19.1412	WT3	0.0
orf19.1413	WT3	120110000.0
orf19.1414	WT3	32044000.0
orf19.1421	WT3	0.0
orf19.1422	WT3	0.0
orf19.1426	WT3	3683100.0
orf19.1433	WT3	10303000.0
orf19.382	WT3	4363000000.0
orf19.1442	WT3	0.0
orf19.1444	WT3	128950000.0
orf19.1448	WT3	679690000.0
orf19.1448.1	WT3	0.0
orf19.145	WT3	274190000.0
orf19.1458	WT3	0.0
orf19.1460	WT3	93066000.0
orf19.1466	WT3	0.0
orf19.1467	WT3	4361000.0
orf19.1468	WT3	0.0
orf19.1470	WT3	801870000.0
orf19.1471	WT3	304080000.0
orf19.1474	WT3	6692700.0
orf19.1479	WT3	5358000.0
orf19.1483	WT3	32881000.0
orf19.1485	WT3	13132000.0
orf19.1493	WT3	0.0
orf19.1494	WT3	88334000.0
orf19.1495	WT3	119300000.0
orf19.1516	WT3	27516000.0
orf19.1517	WT3	2281000000.0
orf19.1535	WT3	23344000.0
orf19.1544	WT3	111750000.0
orf19.1545	WT3	15222000.0
orf19.155	WT3	55526000.0
orf19.1552	WT3	2261100000.0
orf19.1553	WT3	209290000.0
orf19.1559	WT3	2205200000.0
orf19.1565	WT3	2896500.0
orf19.1566	WT3	13017000.0
orf19.1575	WT3	76083000.0
orf19.158	WT3	5977400.0
orf19.5797	WT3	49236000.0
orf19.1588	WT3	189350000.0
orf19.5809	WT3	63645000.0
orf19.1591	WT3	7143199999.999999
orf19.1601	WT3	9702600000.0
orf19.1609	WT3	72952000.0
orf19.1613	WT3	0.0
orf19.1623	WT3	76620000.0
orf19.1626	WT3	543470000.0
orf19.1628	WT3	709600000.0
orf19.163	WT3	232600000.0
orf19.1630	WT3	0.0
orf19.1631	WT3	17767000.0
orf19.1026	WT4	0.0
orf19.1026.1	WT4	8716600.0
orf19.1029	WT4	0.0
orf19.1030	WT4	222080000.0
orf19.1032	WT4	12617000.0
orf19.4482	WT4	3189400.0
orf19.1042	WT4	36456000.0
orf19.1047	WT4	102460000.0
orf19.1048	WT4	0.0
orf19.105	WT4	775320000.0
orf19.1051	WT4	12613000000.0
orf19.1055	WT4	43749000.0
orf19.1057	WT4	14517000.0
orf19.1058	WT4	74224000.0
orf19.1854	WT4	477120000.0
orf19.1061	WT4	233690000.0
orf19.1064	WT4	657060000.0
orf19.1065	WT4	23973000000.0
orf19.1067	WT4	5670400.0
orf19.1078	WT4	267790000.0
orf19.1082.1	WT4	365960000.0
orf19.1085	WT4	75242000.0
orf19.1086	WT4	61424000.0
orf19.109	WT4	79523000.0
orf19.1091	WT4	0.0
orf19.1093	WT4	7853500.0
orf19.1095	WT4	81922000.0
orf19.1097	WT4	0.0
orf19.1107	WT4	0.0
orf19.1108	WT4	281740000.0
orf19.1110	WT4	0.0
orf19.1115	WT4	587150000.0
orf19.1122	WT4	1357300000.0
orf19.6676	WT4	223720000.0
orf19.113	WT4	12273000.0
orf19.1139	WT4	39291000.0
orf19.1149	WT4	264920000.0
orf19.1153	WT4	248080000.0
orf19.1154	WT4	6862999999.999999
orf19.1161	WT4	12659000.0
orf19.1162	WT4	146930000.0
orf19.1164	WT4	0.0
orf19.1166	WT4	164370000.0
orf19.117	WT4	69862000.0
orf19.1180	WT4	29715000.0
orf19.1198	WT4	27717000.0
orf19.1199	WT4	21859000.0
orf19.1212	WT4	20357000.0
orf19.1214	WT4	119970000.0
orf19.1228	WT4	19309000.0
orf19.1233	WT4	0.0
orf19.1236	WT4	56730000.0
orf19.1237	WT4	0.0
orf19.124	WT4	97925000.0
orf19.1246	WT4	145860000.0
orf19.1248	WT4	116310000.0
orf19.1249	WT4	3031000.0
orf19.125	WT4	416110000.0
orf19.1253	WT4	36714000.0
orf19.1254	WT4	37731000.0
orf19.1267	WT4	0.0
orf19.1267.1	WT4	9232100.0
orf19.1272	WT4	10375000.0
orf19.1273	WT4	326050000.0
orf19.1277	WT4	5041400.0
orf19.1280	WT4	924140000.0
orf19.1282	WT4	82589000.0
orf19.1288	WT4	55710000.0
orf19.1290	WT4	186180000.0
orf19.1291	WT4	16344000.0
orf19.1295	WT4	48206000.0
orf19.1299	WT4	0.0
orf19.1301	WT4	86208000.0
orf19.1304	WT4	40209000.0
orf19.1309	WT4	16035000.0
orf19.1336	WT4	550560000.0
orf19.1338	WT4	2443200.0
orf19.1339	WT4	104770000.0
orf19.1340	WT4	53262000.0
orf19.1342	WT4	1727499999.9999998
orf19.1354	WT4	78478000.0
orf19.1355	WT4	369250000.0
orf19.1359	WT4	0.0
orf19.1361	WT4	0.0
orf19.1362	WT4	0.0
orf19.1374	WT4	74967000.0
orf19.1375	WT4	175990000.0
orf19.1376	WT4	1574400.0
orf19.1378	WT4	78441000.0
orf19.1388	WT4	122470000.0
orf19.1389	WT4	141870000.0
orf19.1390	WT4	3080699999.9999995
orf19.1394	WT4	281690000.0
orf19.1396	WT4	4665600.0
orf19.1402	WT4	30314000.0
orf19.1404	WT4	1847900.0
orf19.1409.1	WT4	1826500000.0
orf19.1412	WT4	0.0
orf19.1413	WT4	117290000.0
orf19.1414	WT4	43044000.0
orf19.1421	WT4	0.0
orf19.1422	WT4	0.0
orf19.1426	WT4	10139000.0
orf19.1433	WT4	0.0
orf19.382	WT4	5988899999.999999
orf19.1442	WT4	0.0
orf19.1444	WT4	117470000.0
orf19.1448	WT4	727890000.0
orf19.1448.1	WT4	0.0
orf19.145	WT4	270980000.0
orf19.1458	WT4	0.0
orf19.1460	WT4	144460000.0
orf19.1466	WT4	0.0
orf19.1467	WT4	8276100.0
orf19.1468	WT4	15153000.0
orf19.1470	WT4	998580000.0
orf19.1471	WT4	342620000.0
orf19.1474	WT4	20836000.0
orf19.1479	WT4	7397300.0
orf19.1483	WT4	52870000.0
orf19.1485	WT4	9071900.0
orf19.1493	WT4	0.0
orf19.1494	WT4	163010000.0
orf19.1495	WT4	130500000.0
orf19.1516	WT4	36367000.0
orf19.1517	WT4	2641100000.0
orf19.1535	WT4	18561000.0
orf19.1544	WT4	159350000.0
orf19.1545	WT4	37830000.0
orf19.155	WT4	46978000.0
orf19.1552	WT4	2709900000.0
orf19.1553	WT4	174160000.0
orf19.1559	WT4	2050400000.0
orf19.1565	WT4	4856600.0
orf19.1566	WT4	8479600.0
orf19.1575	WT4	148480000.0
orf19.158	WT4	4446000.0
orf19.5797	WT4	47993000.0
orf19.1588	WT4	133220000.0
orf19.5809	WT4	21021000.0
orf19.1591	WT4	8118299999.999999
orf19.1601	WT4	9692600000.0
orf19.1609	WT4	89008000.0
orf19.1613	WT4	0.0
orf19.1623	WT4	87994000.0
orf19.1626	WT4	687120000.0
orf19.1628	WT4	599700000.0
orf19.163	WT4	212390000.0
orf19.1630	WT4	0.0
orf19.1631	WT4	20253000.0
orf19.1026	WT_H2O2_1	0.0
orf19.1026.1	WT_H2O2_1	0.0
orf19.1029	WT_H2O2_1	8778600.0
orf19.1030	WT_H2O2_1	109120000.0
orf19.1032	WT_H2O2_1	0.0
orf19.4482	WT_H2O2_1	0.0
orf19.1042	WT_H2O2_1	42057000.0
orf19.1047	WT_H2O2_1	0.0
orf19.1048	WT_H2O2_1	11138000.0
orf19.105	WT_H2O2_1	663430000.0
orf19.1051	WT_H2O2_1	2707000000.0
orf19.1055	WT_H2O2_1	40104000.0
orf19.1057	WT_H2O2_1	0.0
orf19.1058	WT_H2O2_1	161120000.0
orf19.1854	WT_H2O2_1	271250000.0
orf19.1061	WT_H2O2_1	93360000.0
orf19.1064	WT_H2O2_1	1088200000.0
orf19.1065	WT_H2O2_1	19907000000.0
orf19.1067	WT_H2O2_1	0.0
orf19.1078	WT_H2O2_1	1059900000.0
orf19.1082.1	WT_H2O2_1	36286000.0
orf19.1085	WT_H2O2_1	100010000.0
orf19.1086	WT_H2O2_1	80127000.0
orf19.109	WT_H2O2_1	32953000.0
orf19.1091	WT_H2O2_1	0.0
orf19.1093	WT_H2O2_1	0.0
orf19.1095	WT_H2O2_1	40910000.0
orf19.1097	WT_H2O2_1	20656000.0
orf19.1107	WT_H2O2_1	5392200.0
orf19.1108	WT_H2O2_1	104740000.0
orf19.1110	WT_H2O2_1	25242000.0
orf19.1115	WT_H2O2_1	325730000.0
orf19.1122	WT_H2O2_1	1971000000.0
orf19.6676	WT_H2O2_1	83676000.0
orf19.113	WT_H2O2_1	2808300000.0
orf19.1139	WT_H2O2_1	0.0
orf19.1149	WT_H2O2_1	1387300000.0
orf19.1153	WT_H2O2_1	2018200000.0
orf19.1154	WT_H2O2_1	1912700000.0
orf19.1161	WT_H2O2_1	0.0
orf19.1162	WT_H2O2_1	26601000.0
orf19.1164	WT_H2O2_1	0.0
orf19.1166	WT_H2O2_1	290080000.0
orf19.117	WT_H2O2_1	39530000.0
orf19.1180	WT_H2O2_1	70740000.0
orf19.1198	WT_H2O2_1	29898000.0
orf19.1199	WT_H2O2_1	37668000.0
orf19.1212	WT_H2O2_1	14158000.0
orf19.1214	WT_H2O2_1	0.0
orf19.1228	WT_H2O2_1	1296900.0
orf19.1233	WT_H2O2_1	17035000.0
orf19.1236	WT_H2O2_1	186500000.0
orf19.1237	WT_H2O2_1	595150000.0
orf19.124	WT_H2O2_1	0.0
orf19.1246	WT_H2O2_1	51328000.0
orf19.1248	WT_H2O2_1	42394000.0
orf19.1249	WT_H2O2_1	1620300.0
orf19.125	WT_H2O2_1	7090699999.999999
orf19.1253	WT_H2O2_1	0.0
orf19.1254	WT_H2O2_1	0.0
orf19.1267	WT_H2O2_1	11762000.0
orf19.1267.1	WT_H2O2_1	30081000.0
orf19.1272	WT_H2O2_1	0.0
orf19.1273	WT_H2O2_1	315210000.0
orf19.1277	WT_H2O2_1	0.0
orf19.1280	WT_H2O2_1	363130000.0
orf19.1282	WT_H2O2_1	99585000.0
orf19.1288	WT_H2O2_1	0.0
orf19.1290	WT_H2O2_1	319390000.0
orf19.1291	WT_H2O2_1	26306000.0
orf19.1295	WT_H2O2_1	21897000.0
orf19.1299	WT_H2O2_1	38905000.0
orf19.1301	WT_H2O2_1	124590000.0
orf19.1304	WT_H2O2_1	10043000.0
orf19.1309	WT_H2O2_1	24603000.0
orf19.1336	WT_H2O2_1	981760000.0
orf19.1338	WT_H2O2_1	0.0
orf19.1339	WT_H2O2_1	460670000.0
orf19.1340	WT_H2O2_1	138130000.0
orf19.1342	WT_H2O2_1	3730200000.0
orf19.1354	WT_H2O2_1	0.0
orf19.1355	WT_H2O2_1	0.0
orf19.1359	WT_H2O2_1	0.0
orf19.1361	WT_H2O2_1	0.0
orf19.1362	WT_H2O2_1	0.0
orf19.1374	WT_H2O2_1	67581000.0
orf19.1375	WT_H2O2_1	1034400000.0
orf19.1376	WT_H2O2_1	63766000.0
orf19.1378	WT_H2O2_1	45071000.0
orf19.1388	WT_H2O2_1	46019000.0
orf19.1389	WT_H2O2_1	79454000.0
orf19.1390	WT_H2O2_1	2920099999.9999995
orf19.1394	WT_H2O2_1	326690000.0
orf19.1396	WT_H2O2_1	0.0
orf19.1402	WT_H2O2_1	34993000.0
orf19.1404	WT_H2O2_1	9855300.0
orf19.1409.1	WT_H2O2_1	3141299999.9999995
orf19.1412	WT_H2O2_1	0.0
orf19.1413	WT_H2O2_1	140990000.0
orf19.1414	WT_H2O2_1	18806000.0
orf19.1421	WT_H2O2_1	0.0
orf19.1422	WT_H2O2_1	0.0
orf19.1426	WT_H2O2_1	3280900.0
orf19.1433	WT_H2O2_1	3928000.0
orf19.382	WT_H2O2_1	5703800000.0
orf19.1442	WT_H2O2_1	8780500.0
orf19.1444	WT_H2O2_1	37253000.0
orf19.1448	WT_H2O2_1	7385200.0
orf19.1448.1	WT_H2O2_1	0.0
orf19.145	WT_H2O2_1	129650000.0
orf19.1458	WT_H2O2_1	0.0
orf19.1460	WT_H2O2_1	412020000.0
orf19.1466	WT_H2O2_1	4797300.0
orf19.1467	WT_H2O2_1	2936100.0
orf19.1468	WT_H2O2_1	8105400.0
orf19.1470	WT_H2O2_1	1234000000.0
orf19.1471	WT_H2O2_1	673160000.0
orf19.1474	WT_H2O2_1	247620000.0
orf19.1479	WT_H2O2_1	0.0
orf19.1483	WT_H2O2_1	33712000.0
orf19.1485	WT_H2O2_1	57896000.0
orf19.1493	WT_H2O2_1	0.0
orf19.1494	WT_H2O2_1	217330000.0
orf19.1495	WT_H2O2_1	118780000.0
orf19.1516	WT_H2O2_1	35953000.0
orf19.1517	WT_H2O2_1	2838600000.0
orf19.1535	WT_H2O2_1	0.0
orf19.1544	WT_H2O2_1	58506000.0
orf19.1545	WT_H2O2_1	58234000.0
orf19.155	WT_H2O2_1	22196000.0
orf19.1552	WT_H2O2_1	1902700000.0
orf19.1553	WT_H2O2_1	268740000.0
orf19.1559	WT_H2O2_1	2726600000.0
orf19.1565	WT_H2O2_1	0.0
orf19.1566	WT_H2O2_1	0.0
orf19.1575	WT_H2O2_1	17357000.0
orf19.158	WT_H2O2_1	0.0
orf19.5797	WT_H2O2_1	12619000.0
orf19.1588	WT_H2O2_1	83385000.0
orf19.5809	WT_H2O2_1	60826000.0
orf19.1591	WT_H2O2_1	7570899999.999999
orf19.1601	WT_H2O2_1	15468000000.0
orf19.1609	WT_H2O2_1	30186000.0
orf19.1613	WT_H2O2_1	59333000.0
orf19.1623	WT_H2O2_1	81433000.0
orf19.1626	WT_H2O2_1	854450000.0
orf19.1628	WT_H2O2_1	1438200000.0
orf19.163	WT_H2O2_1	72129000.0
orf19.1630	WT_H2O2_1	0.0
orf19.1631	WT_H2O2_1	13416000.0
orf19.1026	WT_H2O2_2	5483900.0
orf19.1026.1	WT_H2O2_2	0.0
orf19.1029	WT_H2O2_2	73433000.0
orf19.1030	WT_H2O2_2	215660000.0
orf19.1032	WT_H2O2_2	5010200.0
orf19.4482	WT_H2O2_2	0.0
orf19.1042	WT_H2O2_2	65983000.0
orf19.1047	WT_H2O2_2	0.0
orf19.1048	WT_H2O2_2	24165000.0
orf19.105	WT_H2O2_2	748150000.0
orf19.1051	WT_H2O2_2	9924800000.0
orf19.1055	WT_H2O2_2	29538000.0
orf19.1057	WT_H2O2_2	0.0
orf19.1058	WT_H2O2_2	243220000.0
orf19.1854	WT_H2O2_2	181730000.0
orf19.1061	WT_H2O2_2	107360000.0
orf19.1064	WT_H2O2_2	914980000.0
orf19.1065	WT_H2O2_2	25624000000.0
orf19.1067	WT_H2O2_2	0.0
orf19.1078	WT_H2O2_2	801140000.0
orf19.1082.1	WT_H2O2_2	507640000.0
orf19.1085	WT_H2O2_2	280470000.0
orf19.1086	WT_H2O2_2	124740000.0
orf19.109	WT_H2O2_2	35442000.0
orf19.1091	WT_H2O2_2	2233200.0
orf19.1093	WT_H2O2_2	1562400.0
orf19.1095	WT_H2O2_2	61337000.0
orf19.1097	WT_H2O2_2	20208000.0
orf19.1107	WT_H2O2_2	11406000.0
orf19.1108	WT_H2O2_2	17293000.0
orf19.1110	WT_H2O2_2	16576000.0
orf19.1115	WT_H2O2_2	523990000.0
orf19.1122	WT_H2O2_2	1651499999.9999998
orf19.6676	WT_H2O2_2	103660000.0
orf19.113	WT_H2O2_2	3447199999.9999995
orf19.1139	WT_H2O2_2	47975000.0
orf19.1149	WT_H2O2_2	1530099999.9999998
orf19.1153	WT_H2O2_2	1382700000.0
orf19.1154	WT_H2O2_2	7245699999.999999
orf19.1161	WT_H2O2_2	13002000.0
orf19.1162	WT_H2O2_2	11854000.0
orf19.1164	WT_H2O2_2	0.0
orf19.1166	WT_H2O2_2	312740000.0
orf19.117	WT_H2O2_2	80023000.0
orf19.1180	WT_H2O2_2	40981000.0
orf19.1198	WT_H2O2_2	19748000.0
orf19.1199	WT_H2O2_2	41384000.0
orf19.1212	WT_H2O2_2	19442000.0
orf19.1214	WT_H2O2_2	18473000.0
orf19.1228	WT_H2O2_2	19046000.0
orf19.1233	WT_H2O2_2	42759000.0
orf19.1236	WT_H2O2_2	428200000.0
orf19.1237	WT_H2O2_2	412930000.0
orf19.124	WT_H2O2_2	0.0
orf19.1246	WT_H2O2_2	145030000.0
orf19.1248	WT_H2O2_2	73183000.0
orf19.1249	WT_H2O2_2	0.0
orf19.125	WT_H2O2_2	5935299999.999999
orf19.1253	WT_H2O2_2	0.0
orf19.1254	WT_H2O2_2	3036600.0
orf19.1267	WT_H2O2_2	2661200.0
orf19.1267.1	WT_H2O2_2	123220000.0
orf19.1272	WT_H2O2_2	0.0
orf19.1273	WT_H2O2_2	230990000.0
orf19.1277	WT_H2O2_2	5890600.0
orf19.1280	WT_H2O2_2	690340000.0
orf19.1282	WT_H2O2_2	117570000.0
orf19.1288	WT_H2O2_2	9951600.0
orf19.1290	WT_H2O2_2	200870000.0
orf19.1291	WT_H2O2_2	0.0
orf19.1295	WT_H2O2_2	57574000.0
orf19.1299	WT_H2O2_2	59997000.0
orf19.1301	WT_H2O2_2	181360000.0
orf19.1304	WT_H2O2_2	10723000.0
orf19.1309	WT_H2O2_2	25436000.0
orf19.1336	WT_H2O2_2	1111500000.0
orf19.1338	WT_H2O2_2	3466500.0
orf19.1339	WT_H2O2_2	463230000.0
orf19.1340	WT_H2O2_2	195740000.0
orf19.1342	WT_H2O2_2	2699500000.0
orf19.1354	WT_H2O2_2	59194000.0
orf19.1355	WT_H2O2_2	123590000.0
orf19.1359	WT_H2O2_2	0.0
orf19.1361	WT_H2O2_2	5384000.0
orf19.1362	WT_H2O2_2	0.0
orf19.1374	WT_H2O2_2	120710000.0
orf19.1375	WT_H2O2_2	752050000.0
orf19.1376	WT_H2O2_2	31966000.0
orf19.1378	WT_H2O2_2	95110000.0
orf19.1388	WT_H2O2_2	115200000.0
orf19.1389	WT_H2O2_2	120240000.0
orf19.1390	WT_H2O2_2	2774200000.0
orf19.1394	WT_H2O2_2	382210000.0
orf19.1396	WT_H2O2_2	9303900.0
orf19.1402	WT_H2O2_2	37369000.0
orf19.1404	WT_H2O2_2	10542000.0
orf19.1409.1	WT_H2O2_2	2358400000.0
orf19.1412	WT_H2O2_2	0.0
orf19.1413	WT_H2O2_2	162320000.0
orf19.1414	WT_H2O2_2	152460000.0
orf19.1421	WT_H2O2_2	3719100.0
orf19.1422	WT_H2O2_2	0.0
orf19.1426	WT_H2O2_2	6145700.0
orf19.1433	WT_H2O2_2	0.0
orf19.382	WT_H2O2_2	7979799999.999999
orf19.1442	WT_H2O2_2	7530100.0
orf19.1444	WT_H2O2_2	159230000.0
orf19.1448	WT_H2O2_2	59398000.0
orf19.1448.1	WT_H2O2_2	0.0
orf19.145	WT_H2O2_2	435940000.0
orf19.1458	WT_H2O2_2	0.0
orf19.1460	WT_H2O2_2	312260000.0
orf19.1466	WT_H2O2_2	6548200.0
orf19.1467	WT_H2O2_2	7257100.0
orf19.1468	WT_H2O2_2	7840700.0
orf19.1470	WT_H2O2_2	1092500000.0
orf19.1471	WT_H2O2_2	707260000.0
orf19.1474	WT_H2O2_2	618480000.0
orf19.1479	WT_H2O2_2	17276000.0
orf19.1483	WT_H2O2_2	58452000.0
orf19.1485	WT_H2O2_2	36974000.0
orf19.1493	WT_H2O2_2	10606000.0
orf19.1494	WT_H2O2_2	352060000.0
orf19.1495	WT_H2O2_2	137830000.0
orf19.1516	WT_H2O2_2	113490000.0
orf19.1517	WT_H2O2_2	3081299999.9999995
orf19.1535	WT_H2O2_2	6444100.0
orf19.1544	WT_H2O2_2	109720000.0
orf19.1545	WT_H2O2_2	73720000.0
orf19.155	WT_H2O2_2	29638000.0
orf19.1552	WT_H2O2_2	3468999999.9999995
orf19.1553	WT_H2O2_2	428320000.0
orf19.1559	WT_H2O2_2	3151999999.9999995
orf19.1565	WT_H2O2_2	0.0
orf19.1566	WT_H2O2_2	12355000.0
orf19.1575	WT_H2O2_2	137760000.0
orf19.158	WT_H2O2_2	0.0
orf19.5797	WT_H2O2_2	44485000.0
orf19.1588	WT_H2O2_2	184720000.0
orf19.5809	WT_H2O2_2	53496000.0
orf19.1591	WT_H2O2_2	8068899999.999999
orf19.1601	WT_H2O2_2	10465000000.0
orf19.1609	WT_H2O2_2	67724000.0
orf19.1613	WT_H2O2_2	97733000.0
orf19.1623	WT_H2O2_2	173190000.0
orf19.1626	WT_H2O2_2	598570000.0
orf19.1628	WT_H2O2_2	1571899999.9999998
orf19.163	WT_H2O2_2	136570000.0
orf19.1630	WT_H2O2_2	0.0
orf19.1631	WT_H2O2_2	26283000.0
orf19.1026	WT_H2O2_3	4232300.0
orf19.1026.1	WT_H2O2_3	0.0
orf19.1029	WT_H2O2_3	7912700.0
orf19.1030	WT_H2O2_3	239220000.0
orf19.1032	WT_H2O2_3	21043000.0
orf19.4482	WT_H2O2_3	0.0
orf19.1042	WT_H2O2_3	61238000.0
orf19.1047	WT_H2O2_3	46393000.0
orf19.1048	WT_H2O2_3	28249000.0
orf19.105	WT_H2O2_3	350860000.0
orf19.1051	WT_H2O2_3	8703800000.0
orf19.1055	WT_H2O2_3	0.0
orf19.1057	WT_H2O2_3	20418000.0
orf19.1058	WT_H2O2_3	89108000.0
orf19.1854	WT_H2O2_3	738790000.0
orf19.1061	WT_H2O2_3	265920000.0
orf19.1064	WT_H2O2_3	876200000.0
orf19.1065	WT_H2O2_3	18516000000.0
orf19.1067	WT_H2O2_3	0.0
orf19.1078	WT_H2O2_3	371850000.0
orf19.1082.1	WT_H2O2_3	382600000.0
orf19.1085	WT_H2O2_3	106110000.0
orf19.1086	WT_H2O2_3	107290000.0
orf19.109	WT_H2O2_3	60990000.0
orf19.1091	WT_H2O2_3	0.0
orf19.1093	WT_H2O2_3	8886400.0
orf19.1095	WT_H2O2_3	68226000.0
orf19.1097	WT_H2O2_3	70224000.0
orf19.1107	WT_H2O2_3	4405100.0
orf19.1108	WT_H2O2_3	161680000.0
orf19.1110	WT_H2O2_3	0.0
orf19.1115	WT_H2O2_3	362140000.0
orf19.1122	WT_H2O2_3	1000500000.0
orf19.6676	WT_H2O2_3	278420000.0
orf19.113	WT_H2O2_3	313990000.0
orf19.1139	WT_H2O2_3	21852000.0
orf19.1149	WT_H2O2_3	974160000.0
orf19.1153	WT_H2O2_3	928450000.0
orf19.1154	WT_H2O2_3	6871699999.999999
orf19.1161	WT_H2O2_3	10010000.0
orf19.1162	WT_H2O2_3	39130000.0
orf19.1164	WT_H2O2_3	0.0
orf19.1166	WT_H2O2_3	259890000.0
orf19.117	WT_H2O2_3	36265000.0
orf19.1180	WT_H2O2_3	38273000.0
orf19.1198	WT_H2O2_3	11734000.0
orf19.1199	WT_H2O2_3	45060000.0
orf19.1212	WT_H2O2_3	34178000.0
orf19.1214	WT_H2O2_3	7485000.0
orf19.1228	WT_H2O2_3	18707000.0
orf19.1233	WT_H2O2_3	0.0
orf19.1236	WT_H2O2_3	87217000.0
orf19.1237	WT_H2O2_3	235550000.0
orf19.124	WT_H2O2_3	72605000.0
orf19.1246	WT_H2O2_3	111100000.0
orf19.1248	WT_H2O2_3	27888000.0
orf19.1249	WT_H2O2_3	0.0
orf19.125	WT_H2O2_3	3751900000.0
orf19.1253	WT_H2O2_3	0.0
orf19.1254	WT_H2O2_3	24630000.0
orf19.1267	WT_H2O2_3	0.0
orf19.1267.1	WT_H2O2_3	64423000.0
orf19.1272	WT_H2O2_3	0.0
orf19.1273	WT_H2O2_3	244660000.0
orf19.1277	WT_H2O2_3	4079000.0
orf19.1280	WT_H2O2_3	662680000.0
orf19.1282	WT_H2O2_3	120630000.0
orf19.1288	WT_H2O2_3	0.0
orf19.1290	WT_H2O2_3	249700000.0
orf19.1291	WT_H2O2_3	0.0
orf19.1295	WT_H2O2_3	59631000.0
orf19.1299	WT_H2O2_3	5239900.0
orf19.1301	WT_H2O2_3	76070000.0
orf19.1304	WT_H2O2_3	30911000.0
orf19.1309	WT_H2O2_3	15852000.0
orf19.1336	WT_H2O2_3	581200000.0
orf19.1338	WT_H2O2_3	5298700.0
orf19.1339	WT_H2O2_3	303030000.0
orf19.1340	WT_H2O2_3	47197000.0
orf19.1342	WT_H2O2_3	2369700000.0
orf19.1354	WT_H2O2_3	1533400.0
orf19.1355	WT_H2O2_3	64130000.0
orf19.1359	WT_H2O2_3	0.0
orf19.1361	WT_H2O2_3	0.0
orf19.1362	WT_H2O2_3	0.0
orf19.1374	WT_H2O2_3	39280000.0
orf19.1375	WT_H2O2_3	465390000.0
orf19.1376	WT_H2O2_3	50884000.0
orf19.1378	WT_H2O2_3	77936000.0
orf19.1388	WT_H2O2_3	126480000.0
orf19.1389	WT_H2O2_3	106780000.0
orf19.1390	WT_H2O2_3	2554900000.0
orf19.1394	WT_H2O2_3	243630000.0
orf19.1396	WT_H2O2_3	3557700.0
orf19.1402	WT_H2O2_3	9392100.0
orf19.1404	WT_H2O2_3	0.0
orf19.1409.1	WT_H2O2_3	2769600000.0
orf19.1412	WT_H2O2_3	0.0
orf19.1413	WT_H2O2_3	54488000.0
orf19.1414	WT_H2O2_3	24798000.0
orf19.1421	WT_H2O2_3	0.0
orf19.1422	WT_H2O2_3	0.0
orf19.1426	WT_H2O2_3	8982300.0
orf19.1433	WT_H2O2_3	22248000.0
orf19.382	WT_H2O2_3	5589400000.0
orf19.1442	WT_H2O2_3	14279000.0
orf19.1444	WT_H2O2_3	120510000.0
orf19.1448	WT_H2O2_3	570050000.0
orf19.1448.1	WT_H2O2_3	0.0
orf19.145	WT_H2O2_3	95740000.0
orf19.1458	WT_H2O2_3	0.0
orf19.1460	WT_H2O2_3	303960000.0
orf19.1466	WT_H2O2_3	0.0
orf19.1467	WT_H2O2_3	6206300.0
orf19.1468	WT_H2O2_3	4680900.0
orf19.1470	WT_H2O2_3	954760000.0
orf19.1471	WT_H2O2_3	254060000.0
orf19.1474	WT_H2O2_3	81355000.0
orf19.1479	WT_H2O2_3	10710000.0
orf19.1483	WT_H2O2_3	25018000.0
orf19.1485	WT_H2O2_3	16705000.0
orf19.1493	WT_H2O2_3	0.0
orf19.1494	WT_H2O2_3	130680000.0
orf19.1495	WT_H2O2_3	85441000.0
orf19.1516	WT_H2O2_3	34692000.0
orf19.1517	WT_H2O2_3	1902600000.0
orf19.1535	WT_H2O2_3	7451400.0
orf19.1544	WT_H2O2_3	115050000.0
orf19.1545	WT_H2O2_3	18929000.0
orf19.155	WT_H2O2_3	45200000.0
orf19.1552	WT_H2O2_3	2261700000.0
orf19.1553	WT_H2O2_3	176690000.0
orf19.1559	WT_H2O2_3	2066600000.0
orf19.1565	WT_H2O2_3	6053100.0
orf19.1566	WT_H2O2_3	0.0
orf19.1575	WT_H2O2_3	13488000.0
orf19.158	WT_H2O2_3	0.0
orf19.5797	WT_H2O2_3	9651000.0
orf19.1588	WT_H2O2_3	260100000.0
orf19.5809	WT_H2O2_3	32883000.0
orf19.1591	WT_H2O2_3	6976699999.999999
orf19.1601	WT_H2O2_3	13335000000.0
orf19.1609	WT_H2O2_3	66377000.0
orf19.1613	WT_H2O2_3	0.0
orf19.1623	WT_H2O2_3	100920000.0
orf19.1626	WT_H2O2_3	548490000.0
orf19.1628	WT_H2O2_3	1027000000.0
orf19.163	WT_H2O2_3	132130000.0
orf19.1630	WT_H2O2_3	0.0
orf19.1631	WT_H2O2_3	41018000.0
orf19.1026	WT_H2O2_4	4441500.0
orf19.1026.1	WT_H2O2_4	0.0
orf19.1029	WT_H2O2_4	0.0
orf19.1030	WT_H2O2_4	295080000.0
orf19.1032	WT_H2O2_4	6163100.0
orf19.4482	WT_H2O2_4	0.0
orf19.1042	WT_H2O2_4	84665000.0
orf19.1047	WT_H2O2_4	118870000.0
orf19.1048	WT_H2O2_4	32345000.0
orf19.105	WT_H2O2_4	347360000.0
orf19.1051	WT_H2O2_4	9435300000.0
orf19.1055	WT_H2O2_4	21397000.0
orf19.1057	WT_H2O2_4	17289000.0
orf19.1058	WT_H2O2_4	116160000.0
orf19.1854	WT_H2O2_4	848130000.0
orf19.1061	WT_H2O2_4	282660000.0
orf19.1064	WT_H2O2_4	379790000.0
orf19.1065	WT_H2O2_4	18743000000.0
orf19.1067	WT_H2O2_4	0.0
orf19.1078	WT_H2O2_4	420800000.0
orf19.1082.1	WT_H2O2_4	364140000.0
orf19.1085	WT_H2O2_4	60513000.0
orf19.1086	WT_H2O2_4	153470000.0
orf19.109	WT_H2O2_4	39247000.0
orf19.1091	WT_H2O2_4	5735800.0
orf19.1093	WT_H2O2_4	10644000.0
orf19.1095	WT_H2O2_4	100750000.0
orf19.1097	WT_H2O2_4	92870000.0
orf19.1107	WT_H2O2_4	4634600.0
orf19.1108	WT_H2O2_4	16320000.0
orf19.1110	WT_H2O2_4	0.0
orf19.1115	WT_H2O2_4	369830000.0
orf19.1122	WT_H2O2_4	1376900000.0
orf19.6676	WT_H2O2_4	353960000.0
orf19.113	WT_H2O2_4	0.0
orf19.1139	WT_H2O2_4	28411000.0
orf19.1149	WT_H2O2_4	535230000.0
orf19.1153	WT_H2O2_4	799760000.0
orf19.1154	WT_H2O2_4	8270899999.999999
orf19.1161	WT_H2O2_4	0.0
orf19.1162	WT_H2O2_4	16520000.0
orf19.1164	WT_H2O2_4	0.0
orf19.1166	WT_H2O2_4	284800000.0
orf19.117	WT_H2O2_4	45172000.0
orf19.1180	WT_H2O2_4	37568000.0
orf19.1198	WT_H2O2_4	24375000.0
orf19.1199	WT_H2O2_4	68150000.0
orf19.1212	WT_H2O2_4	47410000.0
orf19.1214	WT_H2O2_4	18324000.0
orf19.1228	WT_H2O2_4	3510800.0
orf19.1233	WT_H2O2_4	0.0
orf19.1236	WT_H2O2_4	102480000.0
orf19.1237	WT_H2O2_4	28471000.0
orf19.124	WT_H2O2_4	120270000.0
orf19.1246	WT_H2O2_4	104060000.0
orf19.1248	WT_H2O2_4	36068000.0
orf19.1249	WT_H2O2_4	2014300.0
orf19.125	WT_H2O2_4	1892100000.0
orf19.1253	WT_H2O2_4	22117000.0
orf19.1254	WT_H2O2_4	0.0
orf19.1267	WT_H2O2_4	17868000.0
orf19.1267.1	WT_H2O2_4	89807000.0
orf19.1272	WT_H2O2_4	0.0
orf19.1273	WT_H2O2_4	218750000.0
orf19.1277	WT_H2O2_4	0.0
orf19.1280	WT_H2O2_4	593780000.0
orf19.1282	WT_H2O2_4	86776000.0
orf19.1288	WT_H2O2_4	13945000.0
orf19.1290	WT_H2O2_4	189110000.0
orf19.1291	WT_H2O2_4	5391300.0
orf19.1295	WT_H2O2_4	98802000.0
orf19.1299	WT_H2O2_4	0.0
orf19.1301	WT_H2O2_4	72042000.0
orf19.1304	WT_H2O2_4	22056000.0
orf19.1309	WT_H2O2_4	17593000.0
orf19.1336	WT_H2O2_4	542200000.0
orf19.1338	WT_H2O2_4	4511900.0
orf19.1339	WT_H2O2_4	189440000.0
orf19.1340	WT_H2O2_4	29310000.0
orf19.1342	WT_H2O2_4	2488200000.0
orf19.1354	WT_H2O2_4	44210000.0
orf19.1355	WT_H2O2_4	133840000.0
orf19.1359	WT_H2O2_4	10429000.0
orf19.1361	WT_H2O2_4	3442600.0
orf19.1362	WT_H2O2_4	12667000.0
orf19.1374	WT_H2O2_4	43377000.0
orf19.1375	WT_H2O2_4	207850000.0
orf19.1376	WT_H2O2_4	51135000.0
orf19.1378	WT_H2O2_4	83852000.0
orf19.1388	WT_H2O2_4	106800000.0
orf19.1389	WT_H2O2_4	159810000.0
orf19.1390	WT_H2O2_4	2317400000.0
orf19.1394	WT_H2O2_4	77550000.0
orf19.1396	WT_H2O2_4	0.0
orf19.1402	WT_H2O2_4	0.0
orf19.1404	WT_H2O2_4	8455500.0
orf19.1409.1	WT_H2O2_4	3539299999.9999995
orf19.1412	WT_H2O2_4	0.0
orf19.1413	WT_H2O2_4	106000000.0
orf19.1414	WT_H2O2_4	18924000.0
orf19.1421	WT_H2O2_4	0.0
orf19.1422	WT_H2O2_4	0.0
orf19.1426	WT_H2O2_4	5726900.0
orf19.1433	WT_H2O2_4	2943900.0
orf19.382	WT_H2O2_4	7016499999.999999
orf19.1442	WT_H2O2_4	22957000.0
orf19.1444	WT_H2O2_4	143740000.0
orf19.1448	WT_H2O2_4	509050000.0
orf19.1448.1	WT_H2O2_4	0.0
orf19.145	WT_H2O2_4	121840000.0
orf19.1458	WT_H2O2_4	3482100.0
orf19.1460	WT_H2O2_4	211070000.0
orf19.1466	WT_H2O2_4	0.0
orf19.1467	WT_H2O2_4	42278000.0
orf19.1468	WT_H2O2_4	0.0
orf19.1470	WT_H2O2_4	845830000.0
orf19.1471	WT_H2O2_4	310960000.0
orf19.1474	WT_H2O2_4	114710000.0
orf19.1479	WT_H2O2_4	14536000.0
orf19.1483	WT_H2O2_4	36965000.0
orf19.1485	WT_H2O2_4	8031500.0
orf19.1493	WT_H2O2_4	0.0
orf19.1494	WT_H2O2_4	123740000.0
orf19.1495	WT_H2O2_4	63025000.0
orf19.1516	WT_H2O2_4	45344000.0
orf19.1517	WT_H2O2_4	1985100000.0
orf19.1535	WT_H2O2_4	15425000.0
orf19.1544	WT_H2O2_4	165440000.0
orf19.1545	WT_H2O2_4	25128000.0
orf19.155	WT_H2O2_4	37125000.0
orf19.1552	WT_H2O2_4	2400100000.0
orf19.1553	WT_H2O2_4	206330000.0
orf19.1559	WT_H2O2_4	2039200000.0
orf19.1565	WT_H2O2_4	0.0
orf19.1566	WT_H2O2_4	3956100.0
orf19.1575	WT_H2O2_4	10793000.0
orf19.158	WT_H2O2_4	0.0
orf19.5797	WT_H2O2_4	34356000.0
orf19.1588	WT_H2O2_4	278270000.0
orf19.5809	WT_H2O2_4	0.0
orf19.1591	WT_H2O2_4	7358799999.999999
orf19.1601	WT_H2O2_4	16820000000.0
orf19.1609	WT_H2O2_4	102020000.0
orf19.1613	WT_H2O2_4	17197000.0
orf19.1623	WT_H2O2_4	72843000.0
orf19.1626	WT_H2O2_4	676820000.0
orf19.1628	WT_H2O2_4	721480000.0
orf19.163	WT_H2O2_4	176120000.0
orf19.1630	WT_H2O2_4	0.0
orf19.1631	WT_H2O2_4	93200000.0
